Platform, Instrument, Paramenter, Units, Date, Value, QC value 
Buoy_CanalDeIbiza, SCB-SBE37006, sea_water_salinity, psu, 2015-12-01 12:00:00, 36.916, 1.0
Buoy_CanalDeIbiza, SCB-SBE37006, sea_water_salinity, psu, 2015-12-01 01:00:00, 36.936, 1.0
Buoy_CanalDeIbiza, SCB-SBE37006, sea_water_salinity, psu, 2015-12-01 02:00:00, 36.929, 1.0
Buoy_CanalDeIbiza, SCB-SBE37006, sea_water_salinity, psu, 2015-12-01 03:00:00, 36.927, 1.0
Buoy_CanalDeIbiza, SCB-SBE37006, sea_water_salinity, psu, 2015-12-01 04:00:00, 36.925, 1.0
Buoy_CanalDeIbiza, SCB-SBE37006, sea_water_salinity, psu, 2015-12-01 05:00:00, 36.948, 1.0
Buoy_CanalDeIbiza, SCB-SBE37006, sea_water_salinity, psu, 2015-12-01 06:00:00, 36.95, 1.0
Buoy_CanalDeIbiza, SCB-SBE37006, sea_water_salinity, psu, 2015-12-01 07:00:00, 36.954, 1.0
Buoy_CanalDeIbiza, SCB-SBE37006, sea_water_salinity, psu, 2015-12-01 08:00:00, 36.933, 1.0
Buoy_CanalDeIbiza, SCB-SBE37006, sea_water_salinity, psu, 2015-12-01 09:00:00, 36.952, 1.0
Buoy_CanalDeIbiza, SCB-SBE37006, sea_water_salinity, psu, 2015-12-01 10:00:00, 36.958, 1.0
Buoy_CanalDeIbiza, SCB-SBE37006, sea_water_salinity, psu, 2015-12-01 11:00:00, 36.953, 1.0
Buoy_CanalDeIbiza, SCB-SBE37006, sea_water_salinity, psu, 2015-12-01 12:00:00, 36.95, 1.0
Buoy_CanalDeIbiza, SCB-SBE37006, sea_water_salinity, psu, 2015-12-01 01:00:00, 36.952, 1.0
Buoy_CanalDeIbiza, SCB-SBE37006, sea_water_salinity, psu, 2015-12-01 02:00:00, 36.954, 1.0
Buoy_CanalDeIbiza, SCB-SBE37006, sea_water_salinity, psu, 2015-12-01 03:00:00, 36.95, 1.0
Buoy_CanalDeIbiza, SCB-SBE37006, sea_water_salinity, psu, 2015-12-01 04:00:00, 36.95, 1.0
Buoy_CanalDeIbiza, SCB-SBE37006, sea_water_salinity, psu, 2015-12-01 05:00:00, 36.95, 1.0
Buoy_CanalDeIbiza, SCB-SBE37006, sea_water_salinity, psu, 2015-12-01 06:00:00, 36.961, 1.0
Buoy_CanalDeIbiza, SCB-SBE37006, sea_water_salinity, psu, 2015-12-01 07:00:00, 36.989, 1.0
Buoy_CanalDeIbiza, SCB-SBE37006, sea_water_salinity, psu, 2015-12-01 08:00:00, 37.049, 1.0
Buoy_CanalDeIbiza, SCB-SBE37006, sea_water_salinity, psu, 2015-12-01 09:00:00, NaN, 9.0
Buoy_CanalDeIbiza, SCB-SBE37006, sea_water_salinity, psu, 2015-12-01 10:00:00, 37.038, 1.0
Buoy_CanalDeIbiza, SCB-SBE37006, sea_water_salinity, psu, 2015-12-01 11:00:00, 37.022, 1.0
Buoy_CanalDeIbiza, SCB-SBE37006, sea_water_salinity, psu, 2015-12-02 12:00:00, 37.1, 1.0
Buoy_CanalDeIbiza, SCB-SBE37006, sea_water_salinity, psu, 2015-12-02 01:00:00, 37.067, 1.0
Buoy_CanalDeIbiza, SCB-SBE37006, sea_water_salinity, psu, 2015-12-02 02:00:00, 37.069, 1.0
Buoy_CanalDeIbiza, SCB-SBE37006, sea_water_salinity, psu, 2015-12-02 03:00:00, 37.022, 1.0
Buoy_CanalDeIbiza, SCB-SBE37006, sea_water_salinity, psu, 2015-12-02 04:00:00, 37.007, 1.0
Buoy_CanalDeIbiza, SCB-SBE37006, sea_water_salinity, psu, 2015-12-02 05:00:00, 37.008, 1.0
Buoy_CanalDeIbiza, SCB-SBE37006, sea_water_salinity, psu, 2015-12-02 06:00:00, 37.013, 1.0
Buoy_CanalDeIbiza, SCB-SBE37006, sea_water_salinity, psu, 2015-12-02 07:00:00, 37.029, 1.0
Buoy_CanalDeIbiza, SCB-SBE37006, sea_water_salinity, psu, 2015-12-02 08:00:00, 37.023, 1.0
Buoy_CanalDeIbiza, SCB-SBE37006, sea_water_salinity, psu, 2015-12-02 09:00:00, 37.01, 1.0
Buoy_CanalDeIbiza, SCB-SBE37006, sea_water_salinity, psu, 2015-12-02 10:00:00, 37.021, 1.0
Buoy_CanalDeIbiza, SCB-SBE37006, sea_water_salinity, psu, 2015-12-02 11:00:00, 37.02, 1.0
Buoy_CanalDeIbiza, SCB-SBE37006, sea_water_salinity, psu, 2015-12-02 12:00:00, 37.041, 1.0
Buoy_CanalDeIbiza, SCB-SBE37006, sea_water_salinity, psu, 2015-12-02 01:00:00, 37.009, 1.0
Buoy_CanalDeIbiza, SCB-SBE37006, sea_water_salinity, psu, 2015-12-02 02:00:00, 36.997, 1.0
Buoy_CanalDeIbiza, SCB-SBE37006, sea_water_salinity, psu, 2015-12-02 03:00:00, 36.982, 1.0
Buoy_CanalDeIbiza, SCB-SBE37006, sea_water_salinity, psu, 2015-12-02 04:00:00, 36.967, 1.0
Buoy_CanalDeIbiza, SCB-SBE37006, sea_water_salinity, psu, 2015-12-02 05:00:00, 36.949, 1.0
Buoy_CanalDeIbiza, SCB-SBE37006, sea_water_salinity, psu, 2015-12-02 06:00:00, 36.946, 1.0
Buoy_CanalDeIbiza, SCB-SBE37006, sea_water_salinity, psu, 2015-12-02 07:00:00, 36.981, 1.0
Buoy_CanalDeIbiza, SCB-SBE37006, sea_water_salinity, psu, 2015-12-02 08:00:00, 37.003, 1.0
Buoy_CanalDeIbiza, SCB-SBE37006, sea_water_salinity, psu, 2015-12-02 09:00:00, 36.998, 1.0
Buoy_CanalDeIbiza, SCB-SBE37006, sea_water_salinity, psu, 2015-12-02 10:00:00, 37.062, 1.0
Buoy_CanalDeIbiza, SCB-SBE37006, sea_water_salinity, psu, 2015-12-02 11:00:00, 37.067, 1.0
Buoy_CanalDeIbiza, SCB-SBE37006, sea_water_salinity, psu, 2015-12-03 12:00:00, NaN, 9.0
Buoy_CanalDeIbiza, SCB-SBE37006, sea_water_salinity, psu, 2015-12-03 01:00:00, 37.214, 1.0
Buoy_CanalDeIbiza, SCB-SBE37006, sea_water_salinity, psu, 2015-12-03 02:00:00, 37.329, 1.0
Buoy_CanalDeIbiza, SCB-SBE37006, sea_water_salinity, psu, 2015-12-03 03:00:00, 37.32, 1.0
Buoy_CanalDeIbiza, SCB-SBE37006, sea_water_salinity, psu, 2015-12-03 04:00:00, 37.305, 1.0
Buoy_CanalDeIbiza, SCB-SBE37006, sea_water_salinity, psu, 2015-12-03 05:00:00, 37.307, 1.0
Buoy_CanalDeIbiza, SCB-SBE37006, sea_water_salinity, psu, 2015-12-03 06:00:00, 37.31, 1.0
Buoy_CanalDeIbiza, SCB-SBE37006, sea_water_salinity, psu, 2015-12-03 07:00:00, 37.325, 1.0
Buoy_CanalDeIbiza, SCB-SBE37006, sea_water_salinity, psu, 2015-12-03 08:00:00, 37.335, 1.0
Buoy_CanalDeIbiza, SCB-SBE37006, sea_water_salinity, psu, 2015-12-03 09:00:00, 37.231, 1.0
Buoy_CanalDeIbiza, SCB-SBE37006, sea_water_salinity, psu, 2015-12-03 10:00:00, 37.331, 1.0
Buoy_CanalDeIbiza, SCB-SBE37006, sea_water_salinity, psu, 2015-12-03 11:00:00, 37.332, 1.0
Buoy_CanalDeIbiza, SCB-SBE37006, sea_water_salinity, psu, 2015-12-03 12:00:00, 37.313, 1.0
Buoy_CanalDeIbiza, SCB-SBE37006, sea_water_salinity, psu, 2015-12-03 01:00:00, 37.292, 1.0
Buoy_CanalDeIbiza, SCB-SBE37006, sea_water_salinity, psu, 2015-12-03 02:00:00, 37.117, 1.0
Buoy_CanalDeIbiza, SCB-SBE37006, sea_water_salinity, psu, 2015-12-03 03:00:00, 37.066, 1.0
Buoy_CanalDeIbiza, SCB-SBE37006, sea_water_salinity, psu, 2015-12-03 04:00:00, 37.035, 1.0
Buoy_CanalDeIbiza, SCB-SBE37006, sea_water_salinity, psu, 2015-12-03 05:00:00, 37.039, 1.0
Buoy_CanalDeIbiza, SCB-SBE37006, sea_water_salinity, psu, 2015-12-03 06:00:00, 37.049, 1.0
Buoy_CanalDeIbiza, SCB-SBE37006, sea_water_salinity, psu, 2015-12-03 07:00:00, NaN, 9.0
Buoy_CanalDeIbiza, SCB-SBE37006, sea_water_salinity, psu, 2015-12-03 08:00:00, 37.094, 1.0
Buoy_CanalDeIbiza, SCB-SBE37006, sea_water_salinity, psu, 2015-12-03 09:00:00, 37.097, 1.0
Buoy_CanalDeIbiza, SCB-SBE37006, sea_water_salinity, psu, 2015-12-03 10:00:00, 36.992, 1.0
Buoy_CanalDeIbiza, SCB-SBE37006, sea_water_salinity, psu, 2015-12-03 11:00:00, NaN, 9.0
Buoy_CanalDeIbiza, SCB-SBE37006, sea_water_salinity, psu, 2015-12-04 12:00:00, 36.962, 1.0
Buoy_CanalDeIbiza, SCB-SBE37006, sea_water_salinity, psu, 2015-12-04 01:00:00, 36.947, 1.0
Buoy_CanalDeIbiza, SCB-SBE37006, sea_water_salinity, psu, 2015-12-04 02:00:00, 36.94, 1.0
Buoy_CanalDeIbiza, SCB-SBE37006, sea_water_salinity, psu, 2015-12-04 03:00:00, 36.921, 1.0
Buoy_CanalDeIbiza, SCB-SBE37006, sea_water_salinity, psu, 2015-12-04 04:00:00, 36.913, 1.0
Buoy_CanalDeIbiza, SCB-SBE37006, sea_water_salinity, psu, 2015-12-04 05:00:00, 36.956, 1.0
Buoy_CanalDeIbiza, SCB-SBE37006, sea_water_salinity, psu, 2015-12-04 06:00:00, 37.066, 1.0
Buoy_CanalDeIbiza, SCB-SBE37006, sea_water_salinity, psu, 2015-12-04 07:00:00, 37.104, 1.0
Buoy_CanalDeIbiza, SCB-SBE37006, sea_water_salinity, psu, 2015-12-04 08:00:00, 37.113, 1.0
Buoy_CanalDeIbiza, SCB-SBE37006, sea_water_salinity, psu, 2015-12-04 09:00:00, 37.127, 1.0
Buoy_CanalDeIbiza, SCB-SBE37006, sea_water_salinity, psu, 2015-12-04 10:00:00, 37.116, 1.0
Buoy_CanalDeIbiza, SCB-SBE37006, sea_water_salinity, psu, 2015-12-04 11:00:00, 37.115, 1.0
Buoy_CanalDeIbiza, SCB-SBE37006, sea_water_salinity, psu, 2015-12-04 12:00:00, 37.123, 1.0
Buoy_CanalDeIbiza, SCB-SBE37006, sea_water_salinity, psu, 2015-12-04 01:00:00, 37.14, 1.0
Buoy_CanalDeIbiza, SCB-SBE37006, sea_water_salinity, psu, 2015-12-04 02:00:00, 37.149, 1.0
Buoy_CanalDeIbiza, SCB-SBE37006, sea_water_salinity, psu, 2015-12-04 03:00:00, 37.216, 1.0
Buoy_CanalDeIbiza, SCB-SBE37006, sea_water_salinity, psu, 2015-12-04 04:00:00, 37.225, 1.0
Buoy_CanalDeIbiza, SCB-SBE37006, sea_water_salinity, psu, 2015-12-04 05:00:00, 37.221, 1.0
Buoy_CanalDeIbiza, SCB-SBE37006, sea_water_salinity, psu, 2015-12-04 06:00:00, NaN, 9.0
Buoy_CanalDeIbiza, SCB-SBE37006, sea_water_salinity, psu, 2015-12-04 07:00:00, NaN, 9.0
Buoy_CanalDeIbiza, SCB-SBE37006, sea_water_salinity, psu, 2015-12-04 08:00:00, NaN, 9.0
Buoy_CanalDeIbiza, SCB-SBE37006, sea_water_salinity, psu, 2015-12-04 09:00:00, NaN, 9.0
Buoy_CanalDeIbiza, SCB-SBE37006, sea_water_salinity, psu, 2015-12-04 10:00:00, 37.23, 1.0
Buoy_CanalDeIbiza, SCB-SBE37006, sea_water_salinity, psu, 2015-12-04 11:00:00, NaN, 9.0
Buoy_CanalDeIbiza, SCB-SBE37006, sea_water_salinity, psu, 2015-12-05 12:00:00, 37.233, 1.0
Buoy_CanalDeIbiza, SCB-SBE37006, sea_water_salinity, psu, 2015-12-05 01:00:00, 37.248, 1.0
Buoy_CanalDeIbiza, SCB-SBE37006, sea_water_salinity, psu, 2015-12-05 02:00:00, 37.241, 1.0
Buoy_CanalDeIbiza, SCB-SBE37006, sea_water_salinity, psu, 2015-12-05 03:00:00, 37.236, 1.0
Buoy_CanalDeIbiza, SCB-SBE37006, sea_water_salinity, psu, 2015-12-05 04:00:00, 37.223, 1.0
Buoy_CanalDeIbiza, SCB-SBE37006, sea_water_salinity, psu, 2015-12-05 05:00:00, 37.209, 1.0
Buoy_CanalDeIbiza, SCB-SBE37006, sea_water_salinity, psu, 2015-12-05 06:00:00, 37.218, 1.0
Buoy_CanalDeIbiza, SCB-SBE37006, sea_water_salinity, psu, 2015-12-05 07:00:00, 37.217, 1.0
Buoy_CanalDeIbiza, SCB-SBE37006, sea_water_salinity, psu, 2015-12-05 08:00:00, 37.184, 1.0
Buoy_CanalDeIbiza, SCB-SBE37006, sea_water_salinity, psu, 2015-12-05 09:00:00, 37.139, 1.0
Buoy_CanalDeIbiza, SCB-SBE37006, sea_water_salinity, psu, 2015-12-05 10:00:00, 37.131, 1.0
Buoy_CanalDeIbiza, SCB-SBE37006, sea_water_salinity, psu, 2015-12-05 11:00:00, 37.087, 1.0
Buoy_CanalDeIbiza, SCB-SBE37006, sea_water_salinity, psu, 2015-12-05 12:00:00, 37.065, 1.0
Buoy_CanalDeIbiza, SCB-SBE37006, sea_water_salinity, psu, 2015-12-05 01:00:00, 37.055, 1.0
Buoy_CanalDeIbiza, SCB-SBE37006, sea_water_salinity, psu, 2015-12-05 02:00:00, 37.036, 1.0
Buoy_CanalDeIbiza, SCB-SBE37006, sea_water_salinity, psu, 2015-12-05 03:00:00, 37.037, 1.0
Buoy_CanalDeIbiza, SCB-SBE37006, sea_water_salinity, psu, 2015-12-05 04:00:00, 37.045, 1.0
Buoy_CanalDeIbiza, SCB-SBE37006, sea_water_salinity, psu, 2015-12-05 05:00:00, 37.05, 1.0
Buoy_CanalDeIbiza, SCB-SBE37006, sea_water_salinity, psu, 2015-12-05 06:00:00, 37.043, 1.0
Buoy_CanalDeIbiza, SCB-SBE37006, sea_water_salinity, psu, 2015-12-05 07:00:00, 37.049, 1.0
Buoy_CanalDeIbiza, SCB-SBE37006, sea_water_salinity, psu, 2015-12-05 08:00:00, 37.04, 1.0
Buoy_CanalDeIbiza, SCB-SBE37006, sea_water_salinity, psu, 2015-12-05 09:00:00, 37.032, 1.0
Buoy_CanalDeIbiza, SCB-SBE37006, sea_water_salinity, psu, 2015-12-05 10:00:00, 37.04, 1.0
Buoy_CanalDeIbiza, SCB-SBE37006, sea_water_salinity, psu, 2015-12-05 11:00:00, 37.049, 1.0
Buoy_CanalDeIbiza, SCB-SBE37006, sea_water_salinity, psu, 2015-12-06 12:00:00, 37.074, 1.0
Buoy_CanalDeIbiza, SCB-SBE37006, sea_water_salinity, psu, 2015-12-06 01:00:00, 37.087, 1.0
Buoy_CanalDeIbiza, SCB-SBE37006, sea_water_salinity, psu, 2015-12-06 02:00:00, 37.096, 1.0
Buoy_CanalDeIbiza, SCB-SBE37006, sea_water_salinity, psu, 2015-12-06 03:00:00, 37.1, 1.0
Buoy_CanalDeIbiza, SCB-SBE37006, sea_water_salinity, psu, 2015-12-06 04:00:00, NaN, 9.0
Buoy_CanalDeIbiza, SCB-SBE37006, sea_water_salinity, psu, 2015-12-06 05:00:00, 37.109, 1.0
Buoy_CanalDeIbiza, SCB-SBE37006, sea_water_salinity, psu, 2015-12-06 06:00:00, NaN, 9.0
Buoy_CanalDeIbiza, SCB-SBE37006, sea_water_salinity, psu, 2015-12-06 07:00:00, 37.148, 1.0
Buoy_CanalDeIbiza, SCB-SBE37006, sea_water_salinity, psu, 2015-12-06 08:00:00, 37.159, 1.0
Buoy_CanalDeIbiza, SCB-SBE37006, sea_water_salinity, psu, 2015-12-06 09:00:00, 37.615, 1.0
Buoy_CanalDeIbiza, SCB-SBE37006, sea_water_salinity, psu, 2015-12-06 10:00:00, 37.626, 1.0
Buoy_CanalDeIbiza, SCB-SBE37006, sea_water_salinity, psu, 2015-12-06 11:00:00, 37.611, 1.0
Buoy_CanalDeIbiza, SCB-SBE37006, sea_water_salinity, psu, 2015-12-06 12:00:00, 37.607, 1.0
Buoy_CanalDeIbiza, SCB-SBE37006, sea_water_salinity, psu, 2015-12-06 01:00:00, 37.598, 1.0
Buoy_CanalDeIbiza, SCB-SBE37006, sea_water_salinity, psu, 2015-12-06 02:00:00, 37.591, 1.0
Buoy_CanalDeIbiza, SCB-SBE37006, sea_water_salinity, psu, 2015-12-06 03:00:00, 37.593, 1.0
Buoy_CanalDeIbiza, SCB-SBE37006, sea_water_salinity, psu, 2015-12-06 04:00:00, 37.594, 1.0
Buoy_CanalDeIbiza, SCB-SBE37006, sea_water_salinity, psu, 2015-12-06 05:00:00, 37.591, 1.0
Buoy_CanalDeIbiza, SCB-SBE37006, sea_water_salinity, psu, 2015-12-06 06:00:00, 37.59, 1.0
Buoy_CanalDeIbiza, SCB-SBE37006, sea_water_salinity, psu, 2015-12-06 07:00:00, 37.591, 1.0
Buoy_CanalDeIbiza, SCB-SBE37006, sea_water_salinity, psu, 2015-12-06 08:00:00, 37.596, 1.0
Buoy_CanalDeIbiza, SCB-SBE37006, sea_water_salinity, psu, 2015-12-06 09:00:00, 37.653, 1.0
Buoy_CanalDeIbiza, SCB-SBE37006, sea_water_salinity, psu, 2015-12-06 10:00:00, 37.653, 1.0
Buoy_CanalDeIbiza, SCB-SBE37006, sea_water_salinity, psu, 2015-12-06 11:00:00, 37.644, 1.0
Buoy_CanalDeIbiza, SCB-SBE37006, sea_water_salinity, psu, 2015-12-07 12:00:00, 37.641, 1.0
Buoy_CanalDeIbiza, SCB-SBE37006, sea_water_salinity, psu, 2015-12-07 01:00:00, 37.633, 1.0
Buoy_CanalDeIbiza, SCB-SBE37006, sea_water_salinity, psu, 2015-12-07 02:00:00, 37.622, 1.0
Buoy_CanalDeIbiza, SCB-SBE37006, sea_water_salinity, psu, 2015-12-07 03:00:00, 37.614, 1.0
Buoy_CanalDeIbiza, SCB-SBE37006, sea_water_salinity, psu, 2015-12-07 04:00:00, 37.604, 1.0
Buoy_CanalDeIbiza, SCB-SBE37006, sea_water_salinity, psu, 2015-12-07 05:00:00, 37.593, 1.0
Buoy_CanalDeIbiza, SCB-SBE37006, sea_water_salinity, psu, 2015-12-07 06:00:00, 37.583, 1.0
Buoy_CanalDeIbiza, SCB-SBE37006, sea_water_salinity, psu, 2015-12-07 07:00:00, 37.586, 1.0
Buoy_CanalDeIbiza, SCB-SBE37006, sea_water_salinity, psu, 2015-12-07 08:00:00, 37.584, 1.0
Buoy_CanalDeIbiza, SCB-SBE37006, sea_water_salinity, psu, 2015-12-07 09:00:00, 37.581, 1.0
Buoy_CanalDeIbiza, SCB-SBE37006, sea_water_salinity, psu, 2015-12-07 10:00:00, 37.574, 1.0
Buoy_CanalDeIbiza, SCB-SBE37006, sea_water_salinity, psu, 2015-12-07 11:00:00, 37.57, 1.0
Buoy_CanalDeIbiza, SCB-SBE37006, sea_water_salinity, psu, 2015-12-07 12:00:00, 37.571, 1.0
Buoy_CanalDeIbiza, SCB-SBE37006, sea_water_salinity, psu, 2015-12-07 01:00:00, 37.58, 1.0
Buoy_CanalDeIbiza, SCB-SBE37006, sea_water_salinity, psu, 2015-12-07 02:00:00, 37.583, 1.0
Buoy_CanalDeIbiza, SCB-SBE37006, sea_water_salinity, psu, 2015-12-07 03:00:00, 37.582, 1.0
Buoy_CanalDeIbiza, SCB-SBE37006, sea_water_salinity, psu, 2015-12-07 04:00:00, 37.577, 1.0
Buoy_CanalDeIbiza, SCB-SBE37006, sea_water_salinity, psu, 2015-12-07 05:00:00, 37.57, 1.0
Buoy_CanalDeIbiza, SCB-SBE37006, sea_water_salinity, psu, 2015-12-07 06:00:00, 37.566, 1.0
Buoy_CanalDeIbiza, SCB-SBE37006, sea_water_salinity, psu, 2015-12-07 07:00:00, 37.566, 1.0
Buoy_CanalDeIbiza, SCB-SBE37006, sea_water_salinity, psu, 2015-12-07 08:00:00, 37.564, 1.0
Buoy_CanalDeIbiza, SCB-SBE37006, sea_water_salinity, psu, 2015-12-07 09:00:00, 37.565, 1.0
Buoy_CanalDeIbiza, SCB-SBE37006, sea_water_salinity, psu, 2015-12-07 10:00:00, 37.566, 1.0
Buoy_CanalDeIbiza, SCB-SBE37006, sea_water_salinity, psu, 2015-12-07 11:00:00, 37.567, 1.0
Buoy_CanalDeIbiza, SCB-SBE37006, sea_water_salinity, psu, 2015-12-08 12:00:00, 37.566, 1.0
Buoy_CanalDeIbiza, SCB-SBE37006, sea_water_salinity, psu, 2015-12-08 01:00:00, 37.566, 1.0
Buoy_CanalDeIbiza, SCB-SBE37006, sea_water_salinity, psu, 2015-12-08 02:00:00, 37.566, 1.0
Buoy_CanalDeIbiza, SCB-SBE37006, sea_water_salinity, psu, 2015-12-08 03:00:00, 37.57, 1.0
Buoy_CanalDeIbiza, SCB-SBE37006, sea_water_salinity, psu, 2015-12-08 04:00:00, 37.571, 1.0
Buoy_CanalDeIbiza, SCB-SBE37006, sea_water_salinity, psu, 2015-12-08 05:00:00, 37.575, 1.0
Buoy_CanalDeIbiza, SCB-SBE37006, sea_water_salinity, psu, 2015-12-08 06:00:00, 37.576, 1.0
Buoy_CanalDeIbiza, SCB-SBE37006, sea_water_salinity, psu, 2015-12-08 07:00:00, 37.576, 1.0
Buoy_CanalDeIbiza, SCB-SBE37006, sea_water_salinity, psu, 2015-12-08 08:00:00, 37.579, 1.0
Buoy_CanalDeIbiza, SCB-SBE37006, sea_water_salinity, psu, 2015-12-08 09:00:00, 37.578, 1.0
Buoy_CanalDeIbiza, SCB-SBE37006, sea_water_salinity, psu, 2015-12-08 10:00:00, 37.578, 1.0
Buoy_CanalDeIbiza, SCB-SBE37006, sea_water_salinity, psu, 2015-12-08 11:00:00, 37.589, 1.0
Buoy_CanalDeIbiza, SCB-SBE37006, sea_water_salinity, psu, 2015-12-08 12:00:00, 37.571, 1.0
Buoy_CanalDeIbiza, SCB-SBE37006, sea_water_salinity, psu, 2015-12-08 01:00:00, 37.558, 1.0
Buoy_CanalDeIbiza, SCB-SBE37006, sea_water_salinity, psu, 2015-12-08 02:00:00, 37.551, 1.0
Buoy_CanalDeIbiza, SCB-SBE37006, sea_water_salinity, psu, 2015-12-08 03:00:00, 37.55, 1.0
Buoy_CanalDeIbiza, SCB-SBE37006, sea_water_salinity, psu, 2015-12-08 04:00:00, 37.562, 1.0
Buoy_CanalDeIbiza, SCB-SBE37006, sea_water_salinity, psu, 2015-12-08 05:00:00, 37.58, 1.0
Buoy_CanalDeIbiza, SCB-SBE37006, sea_water_salinity, psu, 2015-12-08 06:00:00, 37.573, 1.0
Buoy_CanalDeIbiza, SCB-SBE37006, sea_water_salinity, psu, 2015-12-08 07:00:00, 37.578, 1.0
Buoy_CanalDeIbiza, SCB-SBE37006, sea_water_salinity, psu, 2015-12-08 08:00:00, 37.579, 1.0
Buoy_CanalDeIbiza, SCB-SBE37006, sea_water_salinity, psu, 2015-12-08 09:00:00, 37.585, 1.0
Buoy_CanalDeIbiza, SCB-SBE37006, sea_water_salinity, psu, 2015-12-08 10:00:00, 37.6, 1.0
Buoy_CanalDeIbiza, SCB-SBE37006, sea_water_salinity, psu, 2015-12-08 11:00:00, 37.606, 1.0
Buoy_CanalDeIbiza, SCB-SBE37006, sea_water_salinity, psu, 2015-12-09 12:00:00, 37.605, 1.0
Buoy_CanalDeIbiza, SCB-SBE37006, sea_water_salinity, psu, 2015-12-09 01:00:00, 37.601, 1.0
Buoy_CanalDeIbiza, SCB-SBE37006, sea_water_salinity, psu, 2015-12-09 02:00:00, 37.598, 1.0
Buoy_CanalDeIbiza, SCB-SBE37006, sea_water_salinity, psu, 2015-12-09 03:00:00, 37.598, 1.0
Buoy_CanalDeIbiza, SCB-SBE37006, sea_water_salinity, psu, 2015-12-09 04:00:00, 37.595, 1.0
Buoy_CanalDeIbiza, SCB-SBE37006, sea_water_salinity, psu, 2015-12-09 05:00:00, 37.592, 1.0
Buoy_CanalDeIbiza, SCB-SBE37006, sea_water_salinity, psu, 2015-12-09 06:00:00, 37.593, 1.0
Buoy_CanalDeIbiza, SCB-SBE37006, sea_water_salinity, psu, 2015-12-09 07:00:00, 37.592, 1.0
Buoy_CanalDeIbiza, SCB-SBE37006, sea_water_salinity, psu, 2015-12-09 08:00:00, 37.596, 1.0
Buoy_CanalDeIbiza, SCB-SBE37006, sea_water_salinity, psu, 2015-12-09 09:00:00, 37.596, 1.0
Buoy_CanalDeIbiza, SCB-SBE37006, sea_water_salinity, psu, 2015-12-09 10:00:00, 37.596, 1.0
Buoy_CanalDeIbiza, SCB-SBE37006, sea_water_salinity, psu, 2015-12-09 11:00:00, 37.597, 1.0
Buoy_CanalDeIbiza, SCB-SBE37006, sea_water_salinity, psu, 2015-12-09 12:00:00, 37.582, 1.0
Buoy_CanalDeIbiza, SCB-SBE37006, sea_water_salinity, psu, 2015-12-09 01:00:00, 37.577, 1.0
Buoy_CanalDeIbiza, SCB-SBE37006, sea_water_salinity, psu, 2015-12-09 02:00:00, 37.576, 1.0
Buoy_CanalDeIbiza, SCB-SBE37006, sea_water_salinity, psu, 2015-12-09 03:00:00, 37.576, 1.0
Buoy_CanalDeIbiza, SCB-SBE37006, sea_water_salinity, psu, 2015-12-09 04:00:00, 37.577, 1.0
Buoy_CanalDeIbiza, SCB-SBE37006, sea_water_salinity, psu, 2015-12-09 05:00:00, 37.585, 1.0
Buoy_CanalDeIbiza, SCB-SBE37006, sea_water_salinity, psu, 2015-12-09 06:00:00, 37.593, 1.0
Buoy_CanalDeIbiza, SCB-SBE37006, sea_water_salinity, psu, 2015-12-09 07:00:00, 37.591, 1.0
Buoy_CanalDeIbiza, SCB-SBE37006, sea_water_salinity, psu, 2015-12-09 08:00:00, 37.583, 1.0
Buoy_CanalDeIbiza, SCB-SBE37006, sea_water_salinity, psu, 2015-12-09 09:00:00, 37.582, 1.0
Buoy_CanalDeIbiza, SCB-SBE37006, sea_water_salinity, psu, 2015-12-09 10:00:00, 37.572, 1.0
Buoy_CanalDeIbiza, SCB-SBE37006, sea_water_salinity, psu, 2015-12-09 11:00:00, 37.565, 1.0
Buoy_CanalDeIbiza, SCB-SBE37006, sea_water_salinity, psu, 2015-12-10 12:00:00, 37.562, 1.0
Buoy_CanalDeIbiza, SCB-SBE37006, sea_water_salinity, psu, 2015-12-10 01:00:00, 37.565, 1.0
Buoy_CanalDeIbiza, SCB-SBE37006, sea_water_salinity, psu, 2015-12-10 02:00:00, 37.567, 1.0
Buoy_CanalDeIbiza, SCB-SBE37006, sea_water_salinity, psu, 2015-12-10 03:00:00, 37.573, 1.0
Buoy_CanalDeIbiza, SCB-SBE37006, sea_water_salinity, psu, 2015-12-10 04:00:00, 37.577, 1.0
Buoy_CanalDeIbiza, SCB-SBE37006, sea_water_salinity, psu, 2015-12-10 05:00:00, 37.581, 1.0
Buoy_CanalDeIbiza, SCB-SBE37006, sea_water_salinity, psu, 2015-12-10 06:00:00, 37.584, 1.0
Buoy_CanalDeIbiza, SCB-SBE37006, sea_water_salinity, psu, 2015-12-10 07:00:00, 37.585, 1.0
Buoy_CanalDeIbiza, SCB-SBE37006, sea_water_salinity, psu, 2015-12-10 08:00:00, 37.586, 1.0
Buoy_CanalDeIbiza, SCB-SBE37006, sea_water_salinity, psu, 2015-12-10 09:00:00, 37.583, 1.0
Buoy_CanalDeIbiza, SCB-SBE37006, sea_water_salinity, psu, 2015-12-10 10:00:00, 37.587, 1.0
Buoy_CanalDeIbiza, SCB-SBE37006, sea_water_salinity, psu, 2015-12-10 11:00:00, 37.59, 1.0
Buoy_CanalDeIbiza, SCB-SBE37006, sea_water_salinity, psu, 2015-12-10 12:00:00, 37.593, 1.0
Buoy_CanalDeIbiza, SCB-SBE37006, sea_water_salinity, psu, 2015-12-10 01:00:00, 37.593, 1.0
Buoy_CanalDeIbiza, SCB-SBE37006, sea_water_salinity, psu, 2015-12-10 02:00:00, 37.594, 1.0
Buoy_CanalDeIbiza, SCB-SBE37006, sea_water_salinity, psu, 2015-12-10 03:00:00, 37.595, 1.0
Buoy_CanalDeIbiza, SCB-SBE37006, sea_water_salinity, psu, 2015-12-10 04:00:00, 37.597, 1.0
Buoy_CanalDeIbiza, SCB-SBE37006, sea_water_salinity, psu, 2015-12-10 05:00:00, 37.597, 1.0
Buoy_CanalDeIbiza, SCB-SBE37006, sea_water_salinity, psu, 2015-12-10 06:00:00, 37.592, 1.0
Buoy_CanalDeIbiza, SCB-SBE37006, sea_water_salinity, psu, 2015-12-10 07:00:00, 37.597, 1.0
Buoy_CanalDeIbiza, SCB-SBE37006, sea_water_salinity, psu, 2015-12-10 08:00:00, 37.599, 1.0
Buoy_CanalDeIbiza, SCB-SBE37006, sea_water_salinity, psu, 2015-12-10 09:00:00, 37.606, 1.0
Buoy_CanalDeIbiza, SCB-SBE37006, sea_water_salinity, psu, 2015-12-10 10:00:00, 37.611, 1.0
Buoy_CanalDeIbiza, SCB-SBE37006, sea_water_salinity, psu, 2015-12-10 11:00:00, 37.612, 1.0
Buoy_CanalDeIbiza, SCB-SBE37006, sea_water_salinity, psu, 2015-12-11 12:00:00, 37.612, 1.0
Buoy_CanalDeIbiza, SCB-SBE37006, sea_water_salinity, psu, 2015-12-11 01:00:00, 37.609, 1.0
Buoy_CanalDeIbiza, SCB-SBE37006, sea_water_salinity, psu, 2015-12-11 02:00:00, 37.61, 1.0
Buoy_CanalDeIbiza, SCB-SBE37006, sea_water_salinity, psu, 2015-12-11 03:00:00, 37.611, 1.0
Buoy_CanalDeIbiza, SCB-SBE37006, sea_water_salinity, psu, 2015-12-11 04:00:00, 37.609, 1.0
Buoy_CanalDeIbiza, SCB-SBE37006, sea_water_salinity, psu, 2015-12-11 05:00:00, 37.615, 1.0
Buoy_CanalDeIbiza, SCB-SBE37006, sea_water_salinity, psu, 2015-12-11 06:00:00, 37.617, 1.0
Buoy_CanalDeIbiza, SCB-SBE37006, sea_water_salinity, psu, 2015-12-11 07:00:00, 37.616, 1.0
Buoy_CanalDeIbiza, SCB-SBE37006, sea_water_salinity, psu, 2015-12-11 08:00:00, 37.617, 1.0
Buoy_CanalDeIbiza, SCB-SBE37006, sea_water_salinity, psu, 2015-12-11 09:00:00, 37.622, 1.0
Buoy_CanalDeIbiza, SCB-SBE37006, sea_water_salinity, psu, 2015-12-11 10:00:00, 37.624, 1.0
Buoy_CanalDeIbiza, SCB-SBE37006, sea_water_salinity, psu, 2015-12-11 11:00:00, 37.631, 1.0
Buoy_CanalDeIbiza, SCB-SBE37006, sea_water_salinity, psu, 2015-12-11 12:00:00, 37.632, 1.0
Buoy_CanalDeIbiza, SCB-SBE37006, sea_water_salinity, psu, 2015-12-11 01:00:00, 37.645, 1.0
Buoy_CanalDeIbiza, SCB-SBE37006, sea_water_salinity, psu, 2015-12-11 02:00:00, 37.631, 1.0
Buoy_CanalDeIbiza, SCB-SBE37006, sea_water_salinity, psu, 2015-12-11 03:00:00, 37.625, 1.0
Buoy_CanalDeIbiza, SCB-SBE37006, sea_water_salinity, psu, 2015-12-11 04:00:00, 37.607, 1.0
Buoy_CanalDeIbiza, SCB-SBE37006, sea_water_salinity, psu, 2015-12-11 05:00:00, 37.599, 1.0
Buoy_CanalDeIbiza, SCB-SBE37006, sea_water_salinity, psu, 2015-12-11 06:00:00, 37.582, 1.0
Buoy_CanalDeIbiza, SCB-SBE37006, sea_water_salinity, psu, 2015-12-11 07:00:00, 37.576, 1.0
Buoy_CanalDeIbiza, SCB-SBE37006, sea_water_salinity, psu, 2015-12-11 08:00:00, 37.578, 1.0
Buoy_CanalDeIbiza, SCB-SBE37006, sea_water_salinity, psu, 2015-12-11 09:00:00, 37.578, 1.0
Buoy_CanalDeIbiza, SCB-SBE37006, sea_water_salinity, psu, 2015-12-11 10:00:00, 37.583, 1.0
Buoy_CanalDeIbiza, SCB-SBE37006, sea_water_salinity, psu, 2015-12-11 11:00:00, 37.587, 1.0
Buoy_CanalDeIbiza, SCB-SBE37006, sea_water_salinity, psu, 2015-12-12 12:00:00, 37.584, 1.0
Buoy_CanalDeIbiza, SCB-SBE37006, sea_water_salinity, psu, 2015-12-12 01:00:00, 37.568, 1.0
Buoy_CanalDeIbiza, SCB-SBE37006, sea_water_salinity, psu, 2015-12-12 02:00:00, 37.557, 1.0
Buoy_CanalDeIbiza, SCB-SBE37006, sea_water_salinity, psu, 2015-12-12 03:00:00, 37.558, 1.0
Buoy_CanalDeIbiza, SCB-SBE37006, sea_water_salinity, psu, 2015-12-12 04:00:00, 37.57, 1.0
Buoy_CanalDeIbiza, SCB-SBE37006, sea_water_salinity, psu, 2015-12-12 05:00:00, 37.589, 1.0
Buoy_CanalDeIbiza, SCB-SBE37006, sea_water_salinity, psu, 2015-12-12 06:00:00, 37.607, 1.0
Buoy_CanalDeIbiza, SCB-SBE37006, sea_water_salinity, psu, 2015-12-12 07:00:00, 37.602, 1.0
Buoy_CanalDeIbiza, SCB-SBE37006, sea_water_salinity, psu, 2015-12-12 08:00:00, 37.644, 1.0
Buoy_CanalDeIbiza, SCB-SBE37006, sea_water_salinity, psu, 2015-12-12 09:00:00, 37.664, 1.0
Buoy_CanalDeIbiza, SCB-SBE37006, sea_water_salinity, psu, 2015-12-12 10:00:00, 37.535, 1.0
Buoy_CanalDeIbiza, SCB-SBE37006, sea_water_salinity, psu, 2015-12-12 11:00:00, 37.63, 1.0
Buoy_CanalDeIbiza, SCB-SBE37006, sea_water_salinity, psu, 2015-12-12 12:00:00, 37.527, 1.0
Buoy_CanalDeIbiza, SCB-SBE37006, sea_water_salinity, psu, 2015-12-12 01:00:00, 37.448, 1.0
Buoy_CanalDeIbiza, SCB-SBE37006, sea_water_salinity, psu, 2015-12-12 02:00:00, 37.48, 1.0
Buoy_CanalDeIbiza, SCB-SBE37006, sea_water_salinity, psu, 2015-12-12 03:00:00, 37.515, 1.0
Buoy_CanalDeIbiza, SCB-SBE37006, sea_water_salinity, psu, 2015-12-12 04:00:00, 37.48, 1.0
Buoy_CanalDeIbiza, SCB-SBE37006, sea_water_salinity, psu, 2015-12-12 05:00:00, 37.548, 1.0
Buoy_CanalDeIbiza, SCB-SBE37006, sea_water_salinity, psu, 2015-12-12 06:00:00, 37.596, 1.0
Buoy_CanalDeIbiza, SCB-SBE37006, sea_water_salinity, psu, 2015-12-12 07:00:00, 37.703, 1.0
Buoy_CanalDeIbiza, SCB-SBE37006, sea_water_salinity, psu, 2015-12-12 08:00:00, 37.711, 1.0
Buoy_CanalDeIbiza, SCB-SBE37006, sea_water_salinity, psu, 2015-12-12 09:00:00, 37.704, 1.0
Buoy_CanalDeIbiza, SCB-SBE37006, sea_water_salinity, psu, 2015-12-12 10:00:00, 37.708, 1.0
Buoy_CanalDeIbiza, SCB-SBE37006, sea_water_salinity, psu, 2015-12-12 11:00:00, 37.689, 1.0
Buoy_CanalDeIbiza, SCB-SBE37006, sea_water_salinity, psu, 2015-12-13 12:00:00, 37.775, 1.0
Buoy_CanalDeIbiza, SCB-SBE37006, sea_water_salinity, psu, 2015-12-13 01:00:00, 37.778, 1.0
Buoy_CanalDeIbiza, SCB-SBE37006, sea_water_salinity, psu, 2015-12-13 02:00:00, 37.737, 1.0
Buoy_CanalDeIbiza, SCB-SBE37006, sea_water_salinity, psu, 2015-12-13 03:00:00, 37.59, 1.0
Buoy_CanalDeIbiza, SCB-SBE37006, sea_water_salinity, psu, 2015-12-13 04:00:00, 37.694, 1.0
Buoy_CanalDeIbiza, SCB-SBE37006, sea_water_salinity, psu, 2015-12-13 05:00:00, 37.669, 1.0
Buoy_CanalDeIbiza, SCB-SBE37006, sea_water_salinity, psu, 2015-12-13 06:00:00, 37.659, 1.0
Buoy_CanalDeIbiza, SCB-SBE37006, sea_water_salinity, psu, 2015-12-13 07:00:00, 37.776, 1.0
Buoy_CanalDeIbiza, SCB-SBE37006, sea_water_salinity, psu, 2015-12-13 08:00:00, 37.755, 1.0
Buoy_CanalDeIbiza, SCB-SBE37006, sea_water_salinity, psu, 2015-12-13 09:00:00, 37.764, 1.0
Buoy_CanalDeIbiza, SCB-SBE37006, sea_water_salinity, psu, 2015-12-13 10:00:00, 37.753, 1.0
Buoy_CanalDeIbiza, SCB-SBE37006, sea_water_salinity, psu, 2015-12-13 11:00:00, 37.753, 1.0
Buoy_CanalDeIbiza, SCB-SBE37006, sea_water_salinity, psu, 2015-12-13 12:00:00, 37.722, 1.0
Buoy_CanalDeIbiza, SCB-SBE37006, sea_water_salinity, psu, 2015-12-13 01:00:00, 37.685, 1.0
Buoy_CanalDeIbiza, SCB-SBE37006, sea_water_salinity, psu, 2015-12-13 02:00:00, 37.682, 1.0
Buoy_CanalDeIbiza, SCB-SBE37006, sea_water_salinity, psu, 2015-12-13 03:00:00, 37.668, 1.0
Buoy_CanalDeIbiza, SCB-SBE37006, sea_water_salinity, psu, 2015-12-13 04:00:00, 37.661, 1.0
Buoy_CanalDeIbiza, SCB-SBE37006, sea_water_salinity, psu, 2015-12-13 05:00:00, 37.638, 1.0
Buoy_CanalDeIbiza, SCB-SBE37006, sea_water_salinity, psu, 2015-12-13 06:00:00, 37.534, 1.0
Buoy_CanalDeIbiza, SCB-SBE37006, sea_water_salinity, psu, 2015-12-13 07:00:00, 37.508, 1.0
Buoy_CanalDeIbiza, SCB-SBE37006, sea_water_salinity, psu, 2015-12-13 08:00:00, 37.529, 1.0
Buoy_CanalDeIbiza, SCB-SBE37006, sea_water_salinity, psu, 2015-12-13 09:00:00, 37.545, 1.0
Buoy_CanalDeIbiza, SCB-SBE37006, sea_water_salinity, psu, 2015-12-13 10:00:00, 37.561, 1.0
Buoy_CanalDeIbiza, SCB-SBE37006, sea_water_salinity, psu, 2015-12-13 11:00:00, 37.587, 1.0
Buoy_CanalDeIbiza, SCB-SBE37006, sea_water_salinity, psu, 2015-12-14 12:00:00, 37.608, 1.0
Buoy_CanalDeIbiza, SCB-SBE37006, sea_water_salinity, psu, 2015-12-14 01:00:00, 37.632, 1.0
Buoy_CanalDeIbiza, SCB-SBE37006, sea_water_salinity, psu, 2015-12-14 02:00:00, 37.683, 1.0
Buoy_CanalDeIbiza, SCB-SBE37006, sea_water_salinity, psu, 2015-12-14 03:00:00, 37.731, 1.0
Buoy_CanalDeIbiza, SCB-SBE37006, sea_water_salinity, psu, 2015-12-14 04:00:00, 37.742, 1.0
Buoy_CanalDeIbiza, SCB-SBE37006, sea_water_salinity, psu, 2015-12-14 05:00:00, 37.671, 1.0
Buoy_CanalDeIbiza, SCB-SBE37006, sea_water_salinity, psu, 2015-12-14 06:00:00, 37.677, 1.0
Buoy_CanalDeIbiza, SCB-SBE37006, sea_water_salinity, psu, 2015-12-14 07:00:00, 37.686, 1.0
Buoy_CanalDeIbiza, SCB-SBE37006, sea_water_salinity, psu, 2015-12-14 08:00:00, 37.706, 1.0
Buoy_CanalDeIbiza, SCB-SBE37006, sea_water_salinity, psu, 2015-12-14 09:00:00, 37.698, 1.0
Buoy_CanalDeIbiza, SCB-SBE37006, sea_water_salinity, psu, 2015-12-14 10:00:00, 37.691, 1.0
Buoy_CanalDeIbiza, SCB-SBE37006, sea_water_salinity, psu, 2015-12-14 11:00:00, 37.686, 1.0
Buoy_CanalDeIbiza, SCB-SBE37006, sea_water_salinity, psu, 2015-12-14 12:00:00, 37.622, 1.0
Buoy_CanalDeIbiza, SCB-SBE37006, sea_water_salinity, psu, 2015-12-14 01:00:00, 37.614, 1.0
Buoy_CanalDeIbiza, SCB-SBE37006, sea_water_salinity, psu, 2015-12-14 02:00:00, 37.596, 1.0
Buoy_CanalDeIbiza, SCB-SBE37006, sea_water_salinity, psu, 2015-12-14 03:00:00, 37.591, 1.0
Buoy_CanalDeIbiza, SCB-SBE37006, sea_water_salinity, psu, 2015-12-14 04:00:00, 37.647, 1.0
Buoy_CanalDeIbiza, SCB-SBE37006, sea_water_salinity, psu, 2015-12-14 05:00:00, 37.621, 1.0
Buoy_CanalDeIbiza, SCB-SBE37006, sea_water_salinity, psu, 2015-12-14 06:00:00, 37.63, 1.0
Buoy_CanalDeIbiza, SCB-SBE37006, sea_water_salinity, psu, 2015-12-14 07:00:00, 37.67, 1.0
Buoy_CanalDeIbiza, SCB-SBE37006, sea_water_salinity, psu, 2015-12-14 08:00:00, 37.639, 1.0
Buoy_CanalDeIbiza, SCB-SBE37006, sea_water_salinity, psu, 2015-12-14 09:00:00, 37.644, 1.0
Buoy_CanalDeIbiza, SCB-SBE37006, sea_water_salinity, psu, 2015-12-14 10:00:00, 37.652, 1.0
Buoy_CanalDeIbiza, SCB-SBE37006, sea_water_salinity, psu, 2015-12-14 11:00:00, 37.634, 1.0
Buoy_CanalDeIbiza, SCB-SBE37006, sea_water_salinity, psu, 2015-12-15 12:00:00, 37.641, 1.0
Buoy_CanalDeIbiza, SCB-SBE37006, sea_water_salinity, psu, 2015-12-15 01:00:00, 37.633, 1.0
Buoy_CanalDeIbiza, SCB-SBE37006, sea_water_salinity, psu, 2015-12-15 02:00:00, 37.631, 1.0
Buoy_CanalDeIbiza, SCB-SBE37006, sea_water_salinity, psu, 2015-12-15 03:00:00, 37.629, 1.0
Buoy_CanalDeIbiza, SCB-SBE37006, sea_water_salinity, psu, 2015-12-15 04:00:00, 37.626, 1.0
Buoy_CanalDeIbiza, SCB-SBE37006, sea_water_salinity, psu, 2015-12-15 05:00:00, 37.623, 1.0
Buoy_CanalDeIbiza, SCB-SBE37006, sea_water_salinity, psu, 2015-12-15 06:00:00, 37.625, 1.0
Buoy_CanalDeIbiza, SCB-SBE37006, sea_water_salinity, psu, 2015-12-15 07:00:00, 37.632, 1.0
Buoy_CanalDeIbiza, SCB-SBE37006, sea_water_salinity, psu, 2015-12-15 08:00:00, 37.652, 1.0
Buoy_CanalDeIbiza, SCB-SBE37006, sea_water_salinity, psu, 2015-12-15 09:00:00, 37.715, 1.0
Buoy_CanalDeIbiza, SCB-SBE37006, sea_water_salinity, psu, 2015-12-15 10:00:00, 37.689, 1.0
Buoy_CanalDeIbiza, SCB-SBE37006, sea_water_salinity, psu, 2015-12-15 11:00:00, 37.679, 1.0
Buoy_CanalDeIbiza, SCB-SBE37006, sea_water_salinity, psu, 2015-12-15 12:00:00, 37.685, 1.0
Buoy_CanalDeIbiza, SCB-SBE37006, sea_water_salinity, psu, 2015-12-15 01:00:00, 37.701, 1.0
Buoy_CanalDeIbiza, SCB-SBE37006, sea_water_salinity, psu, 2015-12-15 02:00:00, 37.703, 1.0
Buoy_CanalDeIbiza, SCB-SBE37006, sea_water_salinity, psu, 2015-12-15 03:00:00, 37.704, 1.0
Buoy_CanalDeIbiza, SCB-SBE37006, sea_water_salinity, psu, 2015-12-15 04:00:00, 37.694, 1.0
Buoy_CanalDeIbiza, SCB-SBE37006, sea_water_salinity, psu, 2015-12-15 05:00:00, 37.699, 1.0
Buoy_CanalDeIbiza, SCB-SBE37006, sea_water_salinity, psu, 2015-12-15 06:00:00, 37.729, 1.0
Buoy_CanalDeIbiza, SCB-SBE37006, sea_water_salinity, psu, 2015-12-15 07:00:00, 37.745, 1.0
Buoy_CanalDeIbiza, SCB-SBE37006, sea_water_salinity, psu, 2015-12-15 08:00:00, 37.745, 1.0
Buoy_CanalDeIbiza, SCB-SBE37006, sea_water_salinity, psu, 2015-12-15 09:00:00, 37.752, 1.0
Buoy_CanalDeIbiza, SCB-SBE37006, sea_water_salinity, psu, 2015-12-15 10:00:00, 37.747, 1.0
Buoy_CanalDeIbiza, SCB-SBE37006, sea_water_salinity, psu, 2015-12-15 11:00:00, 37.75, 1.0
Buoy_CanalDeIbiza, SCB-SBE37006, sea_water_salinity, psu, 2015-12-16 12:00:00, 37.744, 1.0
Buoy_CanalDeIbiza, SCB-SBE37006, sea_water_salinity, psu, 2015-12-16 01:00:00, 37.746, 1.0
Buoy_CanalDeIbiza, SCB-SBE37006, sea_water_salinity, psu, 2015-12-16 02:00:00, 37.568, 1.0
Buoy_CanalDeIbiza, SCB-SBE37006, sea_water_salinity, psu, 2015-12-16 03:00:00, 37.532, 1.0
Buoy_CanalDeIbiza, SCB-SBE37006, sea_water_salinity, psu, 2015-12-16 04:00:00, 37.526, 1.0
Buoy_CanalDeIbiza, SCB-SBE37006, sea_water_salinity, psu, 2015-12-16 05:00:00, 37.508, 1.0
Buoy_CanalDeIbiza, SCB-SBE37006, sea_water_salinity, psu, 2015-12-16 06:00:00, 37.466, 1.0
Buoy_CanalDeIbiza, SCB-SBE37006, sea_water_salinity, psu, 2015-12-16 07:00:00, 37.484, 1.0
Buoy_CanalDeIbiza, SCB-SBE37006, sea_water_salinity, psu, 2015-12-16 08:00:00, 37.443, 1.0
Buoy_CanalDeIbiza, SCB-SBE37006, sea_water_salinity, psu, 2015-12-16 09:00:00, 37.425, 1.0
Buoy_CanalDeIbiza, SCB-SBE37006, sea_water_salinity, psu, 2015-12-16 10:00:00, 37.401, 1.0
Buoy_CanalDeIbiza, SCB-SBE37006, sea_water_salinity, psu, 2015-12-16 11:00:00, 37.397, 1.0
Buoy_CanalDeIbiza, SCB-SBE37006, sea_water_salinity, psu, 2015-12-16 12:00:00, 37.396, 1.0
Buoy_CanalDeIbiza, SCB-SBE37006, sea_water_salinity, psu, 2015-12-16 01:00:00, 37.396, 1.0
Buoy_CanalDeIbiza, SCB-SBE37006, sea_water_salinity, psu, 2015-12-16 02:00:00, 37.399, 1.0
Buoy_CanalDeIbiza, SCB-SBE37006, sea_water_salinity, psu, 2015-12-16 03:00:00, 37.404, 1.0
Buoy_CanalDeIbiza, SCB-SBE37006, sea_water_salinity, psu, 2015-12-16 04:00:00, 37.413, 1.0
Buoy_CanalDeIbiza, SCB-SBE37006, sea_water_salinity, psu, 2015-12-16 05:00:00, 37.417, 1.0
Buoy_CanalDeIbiza, SCB-SBE37006, sea_water_salinity, psu, 2015-12-16 06:00:00, NaN, 9.0
Buoy_CanalDeIbiza, SCB-SBE37006, sea_water_salinity, psu, 2015-12-16 07:00:00, 37.43, 1.0
Buoy_CanalDeIbiza, SCB-SBE37006, sea_water_salinity, psu, 2015-12-16 08:00:00, 37.456, 1.0
Buoy_CanalDeIbiza, SCB-SBE37006, sea_water_salinity, psu, 2015-12-16 09:00:00, 37.503, 1.0
Buoy_CanalDeIbiza, SCB-SBE37006, sea_water_salinity, psu, 2015-12-16 10:00:00, 37.495, 1.0
Buoy_CanalDeIbiza, SCB-SBE37006, sea_water_salinity, psu, 2015-12-16 11:00:00, 37.501, 1.0
Buoy_CanalDeIbiza, SCB-SBE37006, sea_water_salinity, psu, 2015-12-17 12:00:00, 37.494, 1.0
Buoy_CanalDeIbiza, SCB-SBE37006, sea_water_salinity, psu, 2015-12-17 01:00:00, 37.495, 1.0
Buoy_CanalDeIbiza, SCB-SBE37006, sea_water_salinity, psu, 2015-12-17 02:00:00, NaN, 9.0
Buoy_CanalDeIbiza, SCB-SBE37006, sea_water_salinity, psu, 2015-12-17 03:00:00, NaN, 9.0
Buoy_CanalDeIbiza, SCB-SBE37006, sea_water_salinity, psu, 2015-12-17 04:00:00, NaN, 9.0
Buoy_CanalDeIbiza, SCB-SBE37006, sea_water_salinity, psu, 2015-12-17 05:00:00, NaN, 9.0
Buoy_CanalDeIbiza, SCB-SBE37006, sea_water_salinity, psu, 2015-12-17 06:00:00, 37.504, 1.0
Buoy_CanalDeIbiza, SCB-SBE37006, sea_water_salinity, psu, 2015-12-17 07:00:00, 37.484, 1.0
Buoy_CanalDeIbiza, SCB-SBE37006, sea_water_salinity, psu, 2015-12-17 08:00:00, NaN, 9.0
Buoy_CanalDeIbiza, SCB-SBE37006, sea_water_salinity, psu, 2015-12-17 09:00:00, NaN, 9.0
Buoy_CanalDeIbiza, SCB-SBE37006, sea_water_salinity, psu, 2015-12-17 10:00:00, NaN, 9.0
Buoy_CanalDeIbiza, SCB-SBE37006, sea_water_salinity, psu, 2015-12-17 11:00:00, NaN, 9.0
Buoy_CanalDeIbiza, SCB-SBE37006, sea_water_salinity, psu, 2015-12-17 12:00:00, NaN, 9.0
Buoy_CanalDeIbiza, SCB-SBE37006, sea_water_salinity, psu, 2015-12-17 01:00:00, NaN, 9.0
Buoy_CanalDeIbiza, SCB-SBE37006, sea_water_salinity, psu, 2015-12-17 02:00:00, NaN, 9.0
Buoy_CanalDeIbiza, SCB-SBE37006, sea_water_salinity, psu, 2015-12-17 03:00:00, NaN, 9.0
Buoy_CanalDeIbiza, SCB-SBE37006, sea_water_salinity, psu, 2015-12-17 04:00:00, NaN, 9.0
Buoy_CanalDeIbiza, SCB-SBE37006, sea_water_salinity, psu, 2015-12-17 05:00:00, NaN, 9.0
Buoy_CanalDeIbiza, SCB-SBE37006, sea_water_salinity, psu, 2015-12-17 06:00:00, NaN, 9.0
Buoy_CanalDeIbiza, SCB-SBE37006, sea_water_salinity, psu, 2015-12-17 07:00:00, NaN, 9.0
Buoy_CanalDeIbiza, SCB-SBE37006, sea_water_salinity, psu, 2015-12-17 08:00:00, NaN, 9.0
Buoy_CanalDeIbiza, SCB-SBE37006, sea_water_salinity, psu, 2015-12-17 09:00:00, NaN, 9.0
Buoy_CanalDeIbiza, SCB-SBE37006, sea_water_salinity, psu, 2015-12-17 10:00:00, NaN, 9.0
Buoy_CanalDeIbiza, SCB-SBE37006, sea_water_salinity, psu, 2015-12-17 11:00:00, NaN, 9.0
Buoy_CanalDeIbiza, SCB-SBE37006, sea_water_salinity, psu, 2015-12-18 12:00:00, 37.467, 1.0
Buoy_CanalDeIbiza, SCB-SBE37006, sea_water_salinity, psu, 2015-12-18 01:00:00, 37.436, 1.0
Buoy_CanalDeIbiza, SCB-SBE37006, sea_water_salinity, psu, 2015-12-18 02:00:00, 37.442, 1.0
Buoy_CanalDeIbiza, SCB-SBE37006, sea_water_salinity, psu, 2015-12-18 03:00:00, 37.463, 1.0
Buoy_CanalDeIbiza, SCB-SBE37006, sea_water_salinity, psu, 2015-12-18 04:00:00, 37.432, 1.0
Buoy_CanalDeIbiza, SCB-SBE37006, sea_water_salinity, psu, 2015-12-18 05:00:00, 37.426, 1.0
Buoy_CanalDeIbiza, SCB-SBE37006, sea_water_salinity, psu, 2015-12-18 06:00:00, 37.414, 1.0
Buoy_CanalDeIbiza, SCB-SBE37006, sea_water_salinity, psu, 2015-12-18 07:00:00, 37.381, 1.0
Buoy_CanalDeIbiza, SCB-SBE37006, sea_water_salinity, psu, 2015-12-18 08:00:00, 37.34, 1.0
Buoy_CanalDeIbiza, SCB-SBE37006, sea_water_salinity, psu, 2015-12-18 09:00:00, 37.36, 1.0
Buoy_CanalDeIbiza, SCB-SBE37006, sea_water_salinity, psu, 2015-12-18 10:00:00, 37.363, 1.0
Buoy_CanalDeIbiza, SCB-SBE37006, sea_water_salinity, psu, 2015-12-18 11:00:00, 37.359, 1.0
Buoy_CanalDeIbiza, SCB-SBE37006, sea_water_salinity, psu, 2015-12-18 12:00:00, 37.343, 1.0
Buoy_CanalDeIbiza, SCB-SBE37006, sea_water_salinity, psu, 2015-12-18 01:00:00, 37.335, 1.0
Buoy_CanalDeIbiza, SCB-SBE37006, sea_water_salinity, psu, 2015-12-18 02:00:00, 37.331, 1.0
Buoy_CanalDeIbiza, SCB-SBE37006, sea_water_salinity, psu, 2015-12-18 03:00:00, 37.328, 1.0
Buoy_CanalDeIbiza, SCB-SBE37006, sea_water_salinity, psu, 2015-12-18 04:00:00, 37.329, 1.0
Buoy_CanalDeIbiza, SCB-SBE37006, sea_water_salinity, psu, 2015-12-18 05:00:00, 37.334, 1.0
Buoy_CanalDeIbiza, SCB-SBE37006, sea_water_salinity, psu, 2015-12-18 06:00:00, 37.338, 1.0
Buoy_CanalDeIbiza, SCB-SBE37006, sea_water_salinity, psu, 2015-12-18 07:00:00, 37.344, 1.0
Buoy_CanalDeIbiza, SCB-SBE37006, sea_water_salinity, psu, 2015-12-18 08:00:00, 37.361, 1.0
Buoy_CanalDeIbiza, SCB-SBE37006, sea_water_salinity, psu, 2015-12-18 09:00:00, 37.467, 1.0
Buoy_CanalDeIbiza, SCB-SBE37006, sea_water_salinity, psu, 2015-12-18 10:00:00, 37.442, 1.0
Buoy_CanalDeIbiza, SCB-SBE37006, sea_water_salinity, psu, 2015-12-18 11:00:00, 37.432, 1.0
Buoy_CanalDeIbiza, SCB-SBE37006, sea_water_salinity, psu, 2015-12-19 12:00:00, 37.474, 1.0
Buoy_CanalDeIbiza, SCB-SBE37006, sea_water_salinity, psu, 2015-12-19 01:00:00, 37.503, 1.0
Buoy_CanalDeIbiza, SCB-SBE37006, sea_water_salinity, psu, 2015-12-19 02:00:00, 37.506, 1.0
Buoy_CanalDeIbiza, SCB-SBE37006, sea_water_salinity, psu, 2015-12-19 03:00:00, 37.526, 1.0
Buoy_CanalDeIbiza, SCB-SBE37006, sea_water_salinity, psu, 2015-12-19 04:00:00, NaN, 9.0
Buoy_CanalDeIbiza, SCB-SBE37006, sea_water_salinity, psu, 2015-12-19 05:00:00, 37.576, 1.0
Buoy_CanalDeIbiza, SCB-SBE37006, sea_water_salinity, psu, 2015-12-19 06:00:00, 37.574, 1.0
Buoy_CanalDeIbiza, SCB-SBE37006, sea_water_salinity, psu, 2015-12-19 07:00:00, 37.553, 1.0
Buoy_CanalDeIbiza, SCB-SBE37006, sea_water_salinity, psu, 2015-12-19 08:00:00, 37.557, 1.0
Buoy_CanalDeIbiza, SCB-SBE37006, sea_water_salinity, psu, 2015-12-19 09:00:00, 37.555, 1.0
Buoy_CanalDeIbiza, SCB-SBE37006, sea_water_salinity, psu, 2015-12-19 10:00:00, 37.559, 1.0
Buoy_CanalDeIbiza, SCB-SBE37006, sea_water_salinity, psu, 2015-12-19 11:00:00, 37.584, 1.0
Buoy_CanalDeIbiza, SCB-SBE37006, sea_water_salinity, psu, 2015-12-19 12:00:00, 37.594, 1.0
Buoy_CanalDeIbiza, SCB-SBE37006, sea_water_salinity, psu, 2015-12-19 01:00:00, 37.594, 1.0
Buoy_CanalDeIbiza, SCB-SBE37006, sea_water_salinity, psu, 2015-12-19 02:00:00, 37.591, 1.0
Buoy_CanalDeIbiza, SCB-SBE37006, sea_water_salinity, psu, 2015-12-19 03:00:00, 37.593, 1.0
Buoy_CanalDeIbiza, SCB-SBE37006, sea_water_salinity, psu, 2015-12-19 04:00:00, 37.594, 1.0
Buoy_CanalDeIbiza, SCB-SBE37006, sea_water_salinity, psu, 2015-12-19 05:00:00, 37.588, 1.0
Buoy_CanalDeIbiza, SCB-SBE37006, sea_water_salinity, psu, 2015-12-19 06:00:00, 37.58, 1.0
Buoy_CanalDeIbiza, SCB-SBE37006, sea_water_salinity, psu, 2015-12-19 07:00:00, 37.579, 1.0
Buoy_CanalDeIbiza, SCB-SBE37006, sea_water_salinity, psu, 2015-12-19 08:00:00, 37.58, 1.0
Buoy_CanalDeIbiza, SCB-SBE37006, sea_water_salinity, psu, 2015-12-19 09:00:00, 37.579, 1.0
Buoy_CanalDeIbiza, SCB-SBE37006, sea_water_salinity, psu, 2015-12-19 10:00:00, 37.576, 1.0
Buoy_CanalDeIbiza, SCB-SBE37006, sea_water_salinity, psu, 2015-12-19 11:00:00, 37.499, 1.0
Buoy_CanalDeIbiza, SCB-SBE37006, sea_water_salinity, psu, 2015-12-20 12:00:00, 37.517, 1.0
Buoy_CanalDeIbiza, SCB-SBE37006, sea_water_salinity, psu, 2015-12-20 01:00:00, 37.517, 1.0
Buoy_CanalDeIbiza, SCB-SBE37006, sea_water_salinity, psu, 2015-12-20 02:00:00, 37.491, 1.0
Buoy_CanalDeIbiza, SCB-SBE37006, sea_water_salinity, psu, 2015-12-20 03:00:00, 37.442, 1.0
Buoy_CanalDeIbiza, SCB-SBE37006, sea_water_salinity, psu, 2015-12-20 04:00:00, NaN, 9.0
Buoy_CanalDeIbiza, SCB-SBE37006, sea_water_salinity, psu, 2015-12-20 05:00:00, 37.425, 1.0
Buoy_CanalDeIbiza, SCB-SBE37006, sea_water_salinity, psu, 2015-12-20 06:00:00, NaN, 9.0
Buoy_CanalDeIbiza, SCB-SBE37006, sea_water_salinity, psu, 2015-12-20 07:00:00, 37.427, 1.0
Buoy_CanalDeIbiza, SCB-SBE37006, sea_water_salinity, psu, 2015-12-20 08:00:00, 37.438, 1.0
Buoy_CanalDeIbiza, SCB-SBE37006, sea_water_salinity, psu, 2015-12-20 09:00:00, 37.439, 1.0
Buoy_CanalDeIbiza, SCB-SBE37006, sea_water_salinity, psu, 2015-12-20 10:00:00, 37.437, 1.0
Buoy_CanalDeIbiza, SCB-SBE37006, sea_water_salinity, psu, 2015-12-20 11:00:00, 37.438, 1.0
Buoy_CanalDeIbiza, SCB-SBE37006, sea_water_salinity, psu, 2015-12-20 12:00:00, 37.44, 1.0
Buoy_CanalDeIbiza, SCB-SBE37006, sea_water_salinity, psu, 2015-12-20 01:00:00, 37.443, 1.0
Buoy_CanalDeIbiza, SCB-SBE37006, sea_water_salinity, psu, 2015-12-20 02:00:00, 37.459, 1.0
Buoy_CanalDeIbiza, SCB-SBE37006, sea_water_salinity, psu, 2015-12-20 03:00:00, 37.475, 1.0
Buoy_CanalDeIbiza, SCB-SBE37006, sea_water_salinity, psu, 2015-12-20 04:00:00, 37.483, 1.0
Buoy_CanalDeIbiza, SCB-SBE37006, sea_water_salinity, psu, 2015-12-20 05:00:00, 37.491, 1.0
Buoy_CanalDeIbiza, SCB-SBE37006, sea_water_salinity, psu, 2015-12-20 06:00:00, 37.509, 1.0
Buoy_CanalDeIbiza, SCB-SBE37006, sea_water_salinity, psu, 2015-12-20 07:00:00, 37.528, 1.0
Buoy_CanalDeIbiza, SCB-SBE37006, sea_water_salinity, psu, 2015-12-20 08:00:00, 37.543, 1.0
Buoy_CanalDeIbiza, SCB-SBE37006, sea_water_salinity, psu, 2015-12-20 09:00:00, 37.563, 1.0
Buoy_CanalDeIbiza, SCB-SBE37006, sea_water_salinity, psu, 2015-12-20 10:00:00, NaN, 9.0
Buoy_CanalDeIbiza, SCB-SBE37006, sea_water_salinity, psu, 2015-12-20 11:00:00, NaN, 9.0
Buoy_CanalDeIbiza, SCB-SBE37006, sea_water_salinity, psu, 2015-12-21 12:00:00, NaN, 9.0
Buoy_CanalDeIbiza, SCB-SBE37006, sea_water_salinity, psu, 2015-12-21 01:00:00, NaN, 9.0
Buoy_CanalDeIbiza, SCB-SBE37006, sea_water_salinity, psu, 2015-12-21 02:00:00, NaN, 9.0
Buoy_CanalDeIbiza, SCB-SBE37006, sea_water_salinity, psu, 2015-12-21 03:00:00, NaN, 9.0
Buoy_CanalDeIbiza, SCB-SBE37006, sea_water_salinity, psu, 2015-12-21 04:00:00, NaN, 9.0
Buoy_CanalDeIbiza, SCB-SBE37006, sea_water_salinity, psu, 2015-12-21 05:00:00, NaN, 9.0
Buoy_CanalDeIbiza, SCB-SBE37006, sea_water_salinity, psu, 2015-12-21 06:00:00, NaN, 9.0
Buoy_CanalDeIbiza, SCB-SBE37006, sea_water_salinity, psu, 2015-12-21 07:00:00, 37.646, 1.0
Buoy_CanalDeIbiza, SCB-SBE37006, sea_water_salinity, psu, 2015-12-21 08:00:00, 37.656, 1.0
Buoy_CanalDeIbiza, SCB-SBE37006, sea_water_salinity, psu, 2015-12-21 09:00:00, 37.664, 1.0
Buoy_CanalDeIbiza, SCB-SBE37006, sea_water_salinity, psu, 2015-12-21 10:00:00, 37.677, 1.0
Buoy_CanalDeIbiza, SCB-SBE37006, sea_water_salinity, psu, 2015-12-21 11:00:00, 37.681, 1.0
Buoy_CanalDeIbiza, SCB-SBE37006, sea_water_salinity, psu, 2015-12-21 12:00:00, 37.687, 1.0
Buoy_CanalDeIbiza, SCB-SBE37006, sea_water_salinity, psu, 2015-12-21 01:00:00, 37.694, 1.0
Buoy_CanalDeIbiza, SCB-SBE37006, sea_water_salinity, psu, 2015-12-21 02:00:00, 37.74, 1.0
Buoy_CanalDeIbiza, SCB-SBE37006, sea_water_salinity, psu, 2015-12-21 03:00:00, 37.732, 1.0
Buoy_CanalDeIbiza, SCB-SBE37006, sea_water_salinity, psu, 2015-12-21 04:00:00, 37.699, 1.0
Buoy_CanalDeIbiza, SCB-SBE37006, sea_water_salinity, psu, 2015-12-21 05:00:00, 37.694, 1.0
Buoy_CanalDeIbiza, SCB-SBE37006, sea_water_salinity, psu, 2015-12-21 06:00:00, 37.694, 1.0
Buoy_CanalDeIbiza, SCB-SBE37006, sea_water_salinity, psu, 2015-12-21 07:00:00, 37.689, 1.0
Buoy_CanalDeIbiza, SCB-SBE37006, sea_water_salinity, psu, 2015-12-21 08:00:00, 37.688, 1.0
Buoy_CanalDeIbiza, SCB-SBE37006, sea_water_salinity, psu, 2015-12-21 09:00:00, 37.69, 1.0
Buoy_CanalDeIbiza, SCB-SBE37006, sea_water_salinity, psu, 2015-12-21 10:00:00, 37.69, 1.0
Buoy_CanalDeIbiza, SCB-SBE37006, sea_water_salinity, psu, 2015-12-21 11:00:00, 37.691, 1.0
Buoy_CanalDeIbiza, SCB-SBE37006, sea_water_salinity, psu, 2015-12-22 12:00:00, 37.689, 1.0
Buoy_CanalDeIbiza, SCB-SBE37006, sea_water_salinity, psu, 2015-12-22 01:00:00, 37.69, 1.0
Buoy_CanalDeIbiza, SCB-SBE37006, sea_water_salinity, psu, 2015-12-22 02:00:00, 37.692, 1.0
Buoy_CanalDeIbiza, SCB-SBE37006, sea_water_salinity, psu, 2015-12-22 03:00:00, 37.692, 1.0
Buoy_CanalDeIbiza, SCB-SBE37006, sea_water_salinity, psu, 2015-12-22 04:00:00, NaN, 9.0
Buoy_CanalDeIbiza, SCB-SBE37006, sea_water_salinity, psu, 2015-12-22 05:00:00, 37.459, 1.0
Buoy_CanalDeIbiza, SCB-SBE37006, sea_water_salinity, psu, 2015-12-22 06:00:00, 37.403, 1.0
Buoy_CanalDeIbiza, SCB-SBE37006, sea_water_salinity, psu, 2015-12-22 07:00:00, 37.424, 1.0
Buoy_CanalDeIbiza, SCB-SBE37006, sea_water_salinity, psu, 2015-12-22 08:00:00, 37.45, 1.0
Buoy_CanalDeIbiza, SCB-SBE37006, sea_water_salinity, psu, 2015-12-22 09:00:00, 37.46, 1.0
Buoy_CanalDeIbiza, SCB-SBE37006, sea_water_salinity, psu, 2015-12-22 10:00:00, 37.481, 1.0
Buoy_CanalDeIbiza, SCB-SBE37006, sea_water_salinity, psu, 2015-12-22 11:00:00, 37.426, 1.0
Buoy_CanalDeIbiza, SCB-SBE37006, sea_water_salinity, psu, 2015-12-22 12:00:00, 37.405, 1.0
Buoy_CanalDeIbiza, SCB-SBE37006, sea_water_salinity, psu, 2015-12-22 01:00:00, 37.351, 1.0
Buoy_CanalDeIbiza, SCB-SBE37006, sea_water_salinity, psu, 2015-12-22 02:00:00, 37.346, 1.0
Buoy_CanalDeIbiza, SCB-SBE37006, sea_water_salinity, psu, 2015-12-22 03:00:00, 37.399, 1.0
Buoy_CanalDeIbiza, SCB-SBE37006, sea_water_salinity, psu, 2015-12-22 04:00:00, 37.431, 1.0
Buoy_CanalDeIbiza, SCB-SBE37006, sea_water_salinity, psu, 2015-12-22 05:00:00, 37.433, 1.0
Buoy_CanalDeIbiza, SCB-SBE37006, sea_water_salinity, psu, 2015-12-22 06:00:00, 37.439, 1.0
Buoy_CanalDeIbiza, SCB-SBE37006, sea_water_salinity, psu, 2015-12-22 07:00:00, 37.447, 1.0
Buoy_CanalDeIbiza, SCB-SBE37006, sea_water_salinity, psu, 2015-12-22 08:00:00, 37.437, 1.0
Buoy_CanalDeIbiza, SCB-SBE37006, sea_water_salinity, psu, 2015-12-22 09:00:00, 37.43, 1.0
Buoy_CanalDeIbiza, SCB-SBE37006, sea_water_salinity, psu, 2015-12-22 10:00:00, 37.406, 1.0
Buoy_CanalDeIbiza, SCB-SBE37006, sea_water_salinity, psu, 2015-12-22 11:00:00, 37.38, 1.0
Buoy_CanalDeIbiza, SCB-SBE37006, sea_water_salinity, psu, 2015-12-23 12:00:00, 37.362, 1.0
Buoy_CanalDeIbiza, SCB-SBE37006, sea_water_salinity, psu, 2015-12-23 01:00:00, 37.36, 1.0
Buoy_CanalDeIbiza, SCB-SBE37006, sea_water_salinity, psu, 2015-12-23 02:00:00, 37.369, 1.0
Buoy_CanalDeIbiza, SCB-SBE37006, sea_water_salinity, psu, 2015-12-23 03:00:00, 37.367, 1.0
Buoy_CanalDeIbiza, SCB-SBE37006, sea_water_salinity, psu, 2015-12-23 04:00:00, 37.379, 1.0
Buoy_CanalDeIbiza, SCB-SBE37006, sea_water_salinity, psu, 2015-12-23 05:00:00, 37.4, 1.0
Buoy_CanalDeIbiza, SCB-SBE37006, sea_water_salinity, psu, 2015-12-23 06:00:00, 37.401, 1.0
Buoy_CanalDeIbiza, SCB-SBE37006, sea_water_salinity, psu, 2015-12-23 07:00:00, 37.404, 1.0
Buoy_CanalDeIbiza, SCB-SBE37006, sea_water_salinity, psu, 2015-12-23 08:00:00, 37.412, 1.0
Buoy_CanalDeIbiza, SCB-SBE37006, sea_water_salinity, psu, 2015-12-23 09:00:00, 37.408, 1.0
Buoy_CanalDeIbiza, SCB-SBE37006, sea_water_salinity, psu, 2015-12-23 10:00:00, 37.405, 1.0
Buoy_CanalDeIbiza, SCB-SBE37006, sea_water_salinity, psu, 2015-12-23 11:00:00, 37.405, 1.0
Buoy_CanalDeIbiza, SCB-SBE37006, sea_water_salinity, psu, 2015-12-23 12:00:00, 37.41, 1.0
Buoy_CanalDeIbiza, SCB-SBE37006, sea_water_salinity, psu, 2015-12-23 01:00:00, 37.419, 1.0
Buoy_CanalDeIbiza, SCB-SBE37006, sea_water_salinity, psu, 2015-12-23 02:00:00, 37.431, 1.0
Buoy_CanalDeIbiza, SCB-SBE37006, sea_water_salinity, psu, 2015-12-23 03:00:00, 37.442, 1.0
Buoy_CanalDeIbiza, SCB-SBE37006, sea_water_salinity, psu, 2015-12-23 04:00:00, 37.449, 1.0
Buoy_CanalDeIbiza, SCB-SBE37006, sea_water_salinity, psu, 2015-12-23 05:00:00, 37.455, 1.0
Buoy_CanalDeIbiza, SCB-SBE37006, sea_water_salinity, psu, 2015-12-23 06:00:00, 37.517, 1.0
Buoy_CanalDeIbiza, SCB-SBE37006, sea_water_salinity, psu, 2015-12-23 07:00:00, 37.553, 1.0
Buoy_CanalDeIbiza, SCB-SBE37006, sea_water_salinity, psu, 2015-12-23 08:00:00, 37.729, 1.0
Buoy_CanalDeIbiza, SCB-SBE37006, sea_water_salinity, psu, 2015-12-23 09:00:00, 37.723, 1.0
Buoy_CanalDeIbiza, SCB-SBE37006, sea_water_salinity, psu, 2015-12-23 10:00:00, 37.71, 1.0
Buoy_CanalDeIbiza, SCB-SBE37006, sea_water_salinity, psu, 2015-12-23 11:00:00, 37.705, 1.0
Buoy_CanalDeIbiza, SCB-SBE37006, sea_water_salinity, psu, 2015-12-24 12:00:00, 37.706, 1.0
Buoy_CanalDeIbiza, SCB-SBE37006, sea_water_salinity, psu, 2015-12-24 01:00:00, 37.717, 1.0
Buoy_CanalDeIbiza, SCB-SBE37006, sea_water_salinity, psu, 2015-12-24 02:00:00, 37.717, 1.0
Buoy_CanalDeIbiza, SCB-SBE37006, sea_water_salinity, psu, 2015-12-24 03:00:00, 37.713, 1.0
Buoy_CanalDeIbiza, SCB-SBE37006, sea_water_salinity, psu, 2015-12-24 04:00:00, 37.726, 1.0
Buoy_CanalDeIbiza, SCB-SBE37006, sea_water_salinity, psu, 2015-12-24 05:00:00, 37.738, 1.0
Buoy_CanalDeIbiza, SCB-SBE37006, sea_water_salinity, psu, 2015-12-24 06:00:00, NaN, 9.0
Buoy_CanalDeIbiza, SCB-SBE37006, sea_water_salinity, psu, 2015-12-24 07:00:00, 37.751, 1.0
Buoy_CanalDeIbiza, SCB-SBE37006, sea_water_salinity, psu, 2015-12-24 08:00:00, 37.624, 1.0
Buoy_CanalDeIbiza, SCB-SBE37006, sea_water_salinity, psu, 2015-12-24 09:00:00, 37.406, 1.0
Buoy_CanalDeIbiza, SCB-SBE37006, sea_water_salinity, psu, 2015-12-24 10:00:00, 37.382, 1.0
Buoy_CanalDeIbiza, SCB-SBE37006, sea_water_salinity, psu, 2015-12-24 11:00:00, 37.37, 1.0
Buoy_CanalDeIbiza, SCB-SBE37006, sea_water_salinity, psu, 2015-12-24 12:00:00, 37.376, 1.0
Buoy_CanalDeIbiza, SCB-SBE37006, sea_water_salinity, psu, 2015-12-24 01:00:00, 37.389, 1.0
Buoy_CanalDeIbiza, SCB-SBE37006, sea_water_salinity, psu, 2015-12-24 02:00:00, 37.39, 1.0
Buoy_CanalDeIbiza, SCB-SBE37006, sea_water_salinity, psu, 2015-12-24 03:00:00, 37.394, 1.0
Buoy_CanalDeIbiza, SCB-SBE37006, sea_water_salinity, psu, 2015-12-24 04:00:00, 37.4, 1.0
Buoy_CanalDeIbiza, SCB-SBE37006, sea_water_salinity, psu, 2015-12-24 05:00:00, 37.396, 1.0
Buoy_CanalDeIbiza, SCB-SBE37006, sea_water_salinity, psu, 2015-12-24 06:00:00, 37.352, 1.0
Buoy_CanalDeIbiza, SCB-SBE37006, sea_water_salinity, psu, 2015-12-24 07:00:00, 37.342, 1.0
Buoy_CanalDeIbiza, SCB-SBE37006, sea_water_salinity, psu, 2015-12-24 08:00:00, 37.345, 1.0
Buoy_CanalDeIbiza, SCB-SBE37006, sea_water_salinity, psu, 2015-12-24 09:00:00, 37.377, 1.0
Buoy_CanalDeIbiza, SCB-SBE37006, sea_water_salinity, psu, 2015-12-24 10:00:00, 37.394, 1.0
Buoy_CanalDeIbiza, SCB-SBE37006, sea_water_salinity, psu, 2015-12-24 11:00:00, 37.414, 1.0
Buoy_CanalDeIbiza, SCB-SBE37006, sea_water_salinity, psu, 2015-12-25 12:00:00, 37.407, 1.0
Buoy_CanalDeIbiza, SCB-SBE37006, sea_water_salinity, psu, 2015-12-25 01:00:00, 37.397, 1.0
Buoy_CanalDeIbiza, SCB-SBE37006, sea_water_salinity, psu, 2015-12-25 02:00:00, 37.401, 1.0
Buoy_CanalDeIbiza, SCB-SBE37006, sea_water_salinity, psu, 2015-12-25 03:00:00, 37.406, 1.0
Buoy_CanalDeIbiza, SCB-SBE37006, sea_water_salinity, psu, 2015-12-25 04:00:00, 37.419, 1.0
Buoy_CanalDeIbiza, SCB-SBE37006, sea_water_salinity, psu, 2015-12-25 05:00:00, 37.422, 1.0
Buoy_CanalDeIbiza, SCB-SBE37006, sea_water_salinity, psu, 2015-12-25 06:00:00, 37.425, 1.0
Buoy_CanalDeIbiza, SCB-SBE37006, sea_water_salinity, psu, 2015-12-25 07:00:00, 37.428, 1.0
Buoy_CanalDeIbiza, SCB-SBE37006, sea_water_salinity, psu, 2015-12-25 08:00:00, 37.437, 1.0
Buoy_CanalDeIbiza, SCB-SBE37006, sea_water_salinity, psu, 2015-12-25 09:00:00, 37.445, 1.0
Buoy_CanalDeIbiza, SCB-SBE37006, sea_water_salinity, psu, 2015-12-25 10:00:00, 37.451, 1.0
Buoy_CanalDeIbiza, SCB-SBE37006, sea_water_salinity, psu, 2015-12-25 11:00:00, 37.445, 1.0
Buoy_CanalDeIbiza, SCB-SBE37006, sea_water_salinity, psu, 2015-12-25 12:00:00, 37.447, 1.0
Buoy_CanalDeIbiza, SCB-SBE37006, sea_water_salinity, psu, 2015-12-25 01:00:00, 37.456, 1.0
Buoy_CanalDeIbiza, SCB-SBE37006, sea_water_salinity, psu, 2015-12-25 02:00:00, 37.464, 1.0
Buoy_CanalDeIbiza, SCB-SBE37006, sea_water_salinity, psu, 2015-12-25 03:00:00, 37.467, 1.0
Buoy_CanalDeIbiza, SCB-SBE37006, sea_water_salinity, psu, 2015-12-25 04:00:00, 37.469, 1.0
Buoy_CanalDeIbiza, SCB-SBE37006, sea_water_salinity, psu, 2015-12-25 05:00:00, 37.479, 1.0
Buoy_CanalDeIbiza, SCB-SBE37006, sea_water_salinity, psu, 2015-12-25 06:00:00, NaN, 9.0
Buoy_CanalDeIbiza, SCB-SBE37006, sea_water_salinity, psu, 2015-12-25 07:00:00, 37.457, 1.0
Buoy_CanalDeIbiza, SCB-SBE37006, sea_water_salinity, psu, 2015-12-25 08:00:00, 37.612, 1.0
Buoy_CanalDeIbiza, SCB-SBE37006, sea_water_salinity, psu, 2015-12-25 09:00:00, 37.694, 1.0
Buoy_CanalDeIbiza, SCB-SBE37006, sea_water_salinity, psu, 2015-12-25 10:00:00, NaN, 9.0
Buoy_CanalDeIbiza, SCB-SBE37006, sea_water_salinity, psu, 2015-12-25 11:00:00, NaN, 9.0
Buoy_CanalDeIbiza, SCB-SBE37006, sea_water_salinity, psu, 2015-12-26 12:00:00, NaN, 9.0
Buoy_CanalDeIbiza, SCB-SBE37006, sea_water_salinity, psu, 2015-12-26 01:00:00, 37.709, 1.0
Buoy_CanalDeIbiza, SCB-SBE37006, sea_water_salinity, psu, 2015-12-26 02:00:00, 37.709, 1.0
Buoy_CanalDeIbiza, SCB-SBE37006, sea_water_salinity, psu, 2015-12-26 03:00:00, 37.71, 1.0
Buoy_CanalDeIbiza, SCB-SBE37006, sea_water_salinity, psu, 2015-12-26 04:00:00, 37.711, 1.0
Buoy_CanalDeIbiza, SCB-SBE37006, sea_water_salinity, psu, 2015-12-26 05:00:00, 37.713, 1.0
Buoy_CanalDeIbiza, SCB-SBE37006, sea_water_salinity, psu, 2015-12-26 06:00:00, 37.713, 1.0
Buoy_CanalDeIbiza, SCB-SBE37006, sea_water_salinity, psu, 2015-12-26 07:00:00, 37.714, 1.0
Buoy_CanalDeIbiza, SCB-SBE37006, sea_water_salinity, psu, 2015-12-26 08:00:00, 37.715, 1.0
Buoy_CanalDeIbiza, SCB-SBE37006, sea_water_salinity, psu, 2015-12-26 09:00:00, 37.714, 1.0
Buoy_CanalDeIbiza, SCB-SBE37006, sea_water_salinity, psu, 2015-12-26 10:00:00, 37.715, 1.0
Buoy_CanalDeIbiza, SCB-SBE37006, sea_water_salinity, psu, 2015-12-26 11:00:00, 37.715, 1.0
Buoy_CanalDeIbiza, SCB-SBE37006, sea_water_salinity, psu, 2015-12-26 12:00:00, 37.689, 1.0
Buoy_CanalDeIbiza, SCB-SBE37006, sea_water_salinity, psu, 2015-12-26 01:00:00, 37.688, 1.0
Buoy_CanalDeIbiza, SCB-SBE37006, sea_water_salinity, psu, 2015-12-26 02:00:00, 37.692, 1.0
Buoy_CanalDeIbiza, SCB-SBE37006, sea_water_salinity, psu, 2015-12-26 03:00:00, 37.638, 1.0
Buoy_CanalDeIbiza, SCB-SBE37006, sea_water_salinity, psu, 2015-12-26 04:00:00, 37.571, 1.0
Buoy_CanalDeIbiza, SCB-SBE37006, sea_water_salinity, psu, 2015-12-26 05:00:00, 37.563, 1.0
Buoy_CanalDeIbiza, SCB-SBE37006, sea_water_salinity, psu, 2015-12-26 06:00:00, 37.558, 1.0
Buoy_CanalDeIbiza, SCB-SBE37006, sea_water_salinity, psu, 2015-12-26 07:00:00, 37.569, 1.0
Buoy_CanalDeIbiza, SCB-SBE37006, sea_water_salinity, psu, 2015-12-26 08:00:00, 37.582, 1.0
Buoy_CanalDeIbiza, SCB-SBE37006, sea_water_salinity, psu, 2015-12-26 09:00:00, 37.633, 1.0
Buoy_CanalDeIbiza, SCB-SBE37006, sea_water_salinity, psu, 2015-12-26 10:00:00, 37.683, 1.0
Buoy_CanalDeIbiza, SCB-SBE37006, sea_water_salinity, psu, 2015-12-26 11:00:00, NaN, 9.0
Buoy_CanalDeIbiza, SCB-SBE37006, sea_water_salinity, psu, 2015-12-27 12:00:00, 37.734, 1.0
Buoy_CanalDeIbiza, SCB-SBE37006, sea_water_salinity, psu, 2015-12-27 01:00:00, 37.733, 1.0
Buoy_CanalDeIbiza, SCB-SBE37006, sea_water_salinity, psu, 2015-12-27 02:00:00, 37.736, 1.0
Buoy_CanalDeIbiza, SCB-SBE37006, sea_water_salinity, psu, 2015-12-27 03:00:00, NaN, 9.0
Buoy_CanalDeIbiza, SCB-SBE37006, sea_water_salinity, psu, 2015-12-27 04:00:00, 37.751, 1.0
Buoy_CanalDeIbiza, SCB-SBE37006, sea_water_salinity, psu, 2015-12-27 05:00:00, NaN, 9.0
Buoy_CanalDeIbiza, SCB-SBE37006, sea_water_salinity, psu, 2015-12-27 06:00:00, 37.743, 1.0
Buoy_CanalDeIbiza, SCB-SBE37006, sea_water_salinity, psu, 2015-12-27 07:00:00, 37.742, 1.0
Buoy_CanalDeIbiza, SCB-SBE37006, sea_water_salinity, psu, 2015-12-27 08:00:00, 37.731, 1.0
Buoy_CanalDeIbiza, SCB-SBE37006, sea_water_salinity, psu, 2015-12-27 09:00:00, 37.741, 1.0
Buoy_CanalDeIbiza, SCB-SBE37006, sea_water_salinity, psu, 2015-12-27 10:00:00, 37.725, 1.0
Buoy_CanalDeIbiza, SCB-SBE37006, sea_water_salinity, psu, 2015-12-27 11:00:00, 37.725, 1.0
Buoy_CanalDeIbiza, SCB-SBE37006, sea_water_salinity, psu, 2015-12-27 12:00:00, 37.719, 1.0
Buoy_CanalDeIbiza, SCB-SBE37006, sea_water_salinity, psu, 2015-12-27 01:00:00, 37.724, 1.0
Buoy_CanalDeIbiza, SCB-SBE37006, sea_water_salinity, psu, 2015-12-27 02:00:00, 37.717, 1.0
Buoy_CanalDeIbiza, SCB-SBE37006, sea_water_salinity, psu, 2015-12-27 03:00:00, NaN, 9.0
Buoy_CanalDeIbiza, SCB-SBE37006, sea_water_salinity, psu, 2015-12-27 04:00:00, NaN, 9.0
Buoy_CanalDeIbiza, SCB-SBE37006, sea_water_salinity, psu, 2015-12-27 05:00:00, NaN, 9.0
Buoy_CanalDeIbiza, SCB-SBE37006, sea_water_salinity, psu, 2015-12-27 06:00:00, NaN, 9.0
Buoy_CanalDeIbiza, SCB-SBE37006, sea_water_salinity, psu, 2015-12-27 07:00:00, NaN, 9.0
Buoy_CanalDeIbiza, SCB-SBE37006, sea_water_salinity, psu, 2015-12-27 08:00:00, NaN, 9.0
Buoy_CanalDeIbiza, SCB-SBE37006, sea_water_salinity, psu, 2015-12-27 09:00:00, NaN, 9.0
Buoy_CanalDeIbiza, SCB-SBE37006, sea_water_salinity, psu, 2015-12-27 10:00:00, NaN, 9.0
Buoy_CanalDeIbiza, SCB-SBE37006, sea_water_salinity, psu, 2015-12-27 11:00:00, NaN, 9.0
Buoy_CanalDeIbiza, SCB-SBE37006, sea_water_salinity, psu, 2015-12-28 12:00:00, 37.699, 1.0
Buoy_CanalDeIbiza, SCB-SBE37006, sea_water_salinity, psu, 2015-12-28 01:00:00, 37.712, 1.0
Buoy_CanalDeIbiza, SCB-SBE37006, sea_water_salinity, psu, 2015-12-28 02:00:00, 37.716, 1.0
Buoy_CanalDeIbiza, SCB-SBE37006, sea_water_salinity, psu, 2015-12-28 03:00:00, 37.726, 1.0
Buoy_CanalDeIbiza, SCB-SBE37006, sea_water_salinity, psu, 2015-12-28 04:00:00, 37.726, 1.0
Buoy_CanalDeIbiza, SCB-SBE37006, sea_water_salinity, psu, 2015-12-28 05:00:00, 37.728, 1.0
Buoy_CanalDeIbiza, SCB-SBE37006, sea_water_salinity, psu, 2015-12-28 06:00:00, 37.732, 1.0
Buoy_CanalDeIbiza, SCB-SBE37006, sea_water_salinity, psu, 2015-12-28 07:00:00, 37.731, 1.0
Buoy_CanalDeIbiza, SCB-SBE37006, sea_water_salinity, psu, 2015-12-28 08:00:00, 37.731, 1.0
Buoy_CanalDeIbiza, SCB-SBE37006, sea_water_salinity, psu, 2015-12-28 09:00:00, 37.626, 1.0
Buoy_CanalDeIbiza, SCB-SBE37006, sea_water_salinity, psu, 2015-12-28 10:00:00, 37.609, 1.0
Buoy_CanalDeIbiza, SCB-SBE37006, sea_water_salinity, psu, 2015-12-28 11:00:00, 37.6, 1.0
Buoy_CanalDeIbiza, SCB-SBE37006, sea_water_salinity, psu, 2015-12-28 12:00:00, 37.613, 1.0
Buoy_CanalDeIbiza, SCB-SBE37006, sea_water_salinity, psu, 2015-12-28 01:00:00, 37.629, 1.0
Buoy_CanalDeIbiza, SCB-SBE37006, sea_water_salinity, psu, 2015-12-28 02:00:00, 37.616, 1.0
Buoy_CanalDeIbiza, SCB-SBE37006, sea_water_salinity, psu, 2015-12-28 03:00:00, 37.607, 1.0
Buoy_CanalDeIbiza, SCB-SBE37006, sea_water_salinity, psu, 2015-12-28 04:00:00, 37.602, 1.0
Buoy_CanalDeIbiza, SCB-SBE37006, sea_water_salinity, psu, 2015-12-28 05:00:00, 37.602, 1.0
Buoy_CanalDeIbiza, SCB-SBE37006, sea_water_salinity, psu, 2015-12-28 06:00:00, 37.608, 1.0
Buoy_CanalDeIbiza, SCB-SBE37006, sea_water_salinity, psu, 2015-12-28 07:00:00, 37.612, 1.0
Buoy_CanalDeIbiza, SCB-SBE37006, sea_water_salinity, psu, 2015-12-28 08:00:00, 37.637, 1.0
Buoy_CanalDeIbiza, SCB-SBE37006, sea_water_salinity, psu, 2015-12-28 09:00:00, 37.634, 1.0
Buoy_CanalDeIbiza, SCB-SBE37006, sea_water_salinity, psu, 2015-12-28 10:00:00, 37.647, 1.0
Buoy_CanalDeIbiza, SCB-SBE37006, sea_water_salinity, psu, 2015-12-28 11:00:00, 37.669, 1.0
Buoy_CanalDeIbiza, SCB-SBE37006, sea_water_salinity, psu, 2015-12-29 12:00:00, 37.719, 1.0
Buoy_CanalDeIbiza, SCB-SBE37006, sea_water_salinity, psu, 2015-12-29 01:00:00, 37.733, 1.0
Buoy_CanalDeIbiza, SCB-SBE37006, sea_water_salinity, psu, 2015-12-29 02:00:00, 37.729, 1.0
Buoy_CanalDeIbiza, SCB-SBE37006, sea_water_salinity, psu, 2015-12-29 03:00:00, 37.728, 1.0
Buoy_CanalDeIbiza, SCB-SBE37006, sea_water_salinity, psu, 2015-12-29 04:00:00, 37.727, 1.0
Buoy_CanalDeIbiza, SCB-SBE37006, sea_water_salinity, psu, 2015-12-29 05:00:00, 37.727, 1.0
Buoy_CanalDeIbiza, SCB-SBE37006, sea_water_salinity, psu, 2015-12-29 06:00:00, 37.725, 1.0
Buoy_CanalDeIbiza, SCB-SBE37006, sea_water_salinity, psu, 2015-12-29 07:00:00, 37.726, 1.0
Buoy_CanalDeIbiza, SCB-SBE37006, sea_water_salinity, psu, 2015-12-29 08:00:00, 37.727, 1.0
Buoy_CanalDeIbiza, SCB-SBE37006, sea_water_salinity, psu, 2015-12-29 09:00:00, 37.74, 1.0
Buoy_CanalDeIbiza, SCB-SBE37006, sea_water_salinity, psu, 2015-12-29 10:00:00, 37.735, 1.0
Buoy_CanalDeIbiza, SCB-SBE37006, sea_water_salinity, psu, 2015-12-29 11:00:00, 37.735, 1.0
Buoy_CanalDeIbiza, SCB-SBE37006, sea_water_salinity, psu, 2015-12-29 12:00:00, 37.739, 1.0
Buoy_CanalDeIbiza, SCB-SBE37006, sea_water_salinity, psu, 2015-12-29 01:00:00, 37.741, 1.0
Buoy_CanalDeIbiza, SCB-SBE37006, sea_water_salinity, psu, 2015-12-29 02:00:00, 37.749, 1.0
Buoy_CanalDeIbiza, SCB-SBE37006, sea_water_salinity, psu, 2015-12-29 03:00:00, 37.748, 1.0
Buoy_CanalDeIbiza, SCB-SBE37006, sea_water_salinity, psu, 2015-12-29 04:00:00, 37.748, 1.0
Buoy_CanalDeIbiza, SCB-SBE37006, sea_water_salinity, psu, 2015-12-29 05:00:00, 37.755, 1.0
Buoy_CanalDeIbiza, SCB-SBE37006, sea_water_salinity, psu, 2015-12-29 06:00:00, 37.742, 1.0
Buoy_CanalDeIbiza, SCB-SBE37006, sea_water_salinity, psu, 2015-12-29 07:00:00, 37.749, 1.0
Buoy_CanalDeIbiza, SCB-SBE37006, sea_water_salinity, psu, 2015-12-29 08:00:00, 37.751, 1.0
Buoy_CanalDeIbiza, SCB-SBE37006, sea_water_salinity, psu, 2015-12-29 09:00:00, 37.734, 1.0
Buoy_CanalDeIbiza, SCB-SBE37006, sea_water_salinity, psu, 2015-12-29 10:00:00, 37.728, 1.0
Buoy_CanalDeIbiza, SCB-SBE37006, sea_water_salinity, psu, 2015-12-29 11:00:00, 37.723, 1.0
Buoy_CanalDeIbiza, SCB-SBE37006, sea_water_salinity, psu, 2015-12-30 12:00:00, 37.702, 1.0
Buoy_CanalDeIbiza, SCB-SBE37006, sea_water_salinity, psu, 2015-12-30 01:00:00, 37.635, 1.0
Buoy_CanalDeIbiza, SCB-SBE37006, sea_water_salinity, psu, 2015-12-30 02:00:00, 37.644, 1.0
Buoy_CanalDeIbiza, SCB-SBE37006, sea_water_salinity, psu, 2015-12-30 03:00:00, 37.638, 1.0
Buoy_CanalDeIbiza, SCB-SBE37006, sea_water_salinity, psu, 2015-12-30 04:00:00, 37.659, 1.0
Buoy_CanalDeIbiza, SCB-SBE37006, sea_water_salinity, psu, 2015-12-30 05:00:00, 37.648, 1.0
Buoy_CanalDeIbiza, SCB-SBE37006, sea_water_salinity, psu, 2015-12-30 06:00:00, 37.647, 1.0
Buoy_CanalDeIbiza, SCB-SBE37006, sea_water_salinity, psu, 2015-12-30 07:00:00, 37.633, 1.0
Buoy_CanalDeIbiza, SCB-SBE37006, sea_water_salinity, psu, 2015-12-30 08:00:00, 37.618, 1.0
Buoy_CanalDeIbiza, SCB-SBE37006, sea_water_salinity, psu, 2015-12-30 09:00:00, 37.621, 1.0
Buoy_CanalDeIbiza, SCB-SBE37006, sea_water_salinity, psu, 2015-12-30 10:00:00, 37.634, 1.0
Buoy_CanalDeIbiza, SCB-SBE37006, sea_water_salinity, psu, 2015-12-30 11:00:00, 37.631, 1.0
Buoy_CanalDeIbiza, SCB-SBE37006, sea_water_salinity, psu, 2015-12-30 12:00:00, 37.618, 1.0
Buoy_CanalDeIbiza, SCB-SBE37006, sea_water_salinity, psu, 2015-12-30 01:00:00, 37.604, 1.0
Buoy_CanalDeIbiza, SCB-SBE37006, sea_water_salinity, psu, 2015-12-30 02:00:00, 37.583, 1.0
Buoy_CanalDeIbiza, SCB-SBE37006, sea_water_salinity, psu, 2015-12-30 03:00:00, 37.56, 1.0
Buoy_CanalDeIbiza, SCB-SBE37006, sea_water_salinity, psu, 2015-12-30 04:00:00, 37.551, 1.0
Buoy_CanalDeIbiza, SCB-SBE37006, sea_water_salinity, psu, 2015-12-30 05:00:00, 37.545, 1.0
Buoy_CanalDeIbiza, SCB-SBE37006, sea_water_salinity, psu, 2015-12-30 06:00:00, 37.546, 1.0
Buoy_CanalDeIbiza, SCB-SBE37006, sea_water_salinity, psu, 2015-12-30 07:00:00, 37.554, 1.0
Buoy_CanalDeIbiza, SCB-SBE37006, sea_water_salinity, psu, 2015-12-30 08:00:00, 37.56, 1.0
Buoy_CanalDeIbiza, SCB-SBE37006, sea_water_salinity, psu, 2015-12-30 09:00:00, 37.569, 1.0
Buoy_CanalDeIbiza, SCB-SBE37006, sea_water_salinity, psu, 2015-12-30 10:00:00, 37.576, 1.0
Buoy_CanalDeIbiza, SCB-SBE37006, sea_water_salinity, psu, 2015-12-30 11:00:00, 37.583, 1.0
Buoy_CanalDeIbiza, SCB-SBE37006, sea_water_salinity, psu, 2015-12-31 12:00:00, 37.586, 1.0
Buoy_CanalDeIbiza, SCB-SBE37006, sea_water_salinity, psu, 2015-12-31 01:00:00, 37.597, 1.0
Buoy_CanalDeIbiza, SCB-SBE37006, sea_water_salinity, psu, 2015-12-31 02:00:00, 37.621, 1.0
Buoy_CanalDeIbiza, SCB-SBE37006, sea_water_salinity, psu, 2015-12-31 03:00:00, 37.629, 1.0
Buoy_CanalDeIbiza, SCB-SBE37006, sea_water_salinity, psu, 2015-12-31 04:00:00, 37.643, 1.0
Buoy_CanalDeIbiza, SCB-SBE37006, sea_water_salinity, psu, 2015-12-31 05:00:00, 37.645, 1.0
Buoy_CanalDeIbiza, SCB-SBE37006, sea_water_salinity, psu, 2015-12-31 06:00:00, 37.642, 1.0
Buoy_CanalDeIbiza, SCB-SBE37006, sea_water_salinity, psu, 2015-12-31 07:00:00, 37.628, 1.0
Buoy_CanalDeIbiza, SCB-SBE37006, sea_water_salinity, psu, 2015-12-31 08:00:00, 37.635, 1.0
Buoy_CanalDeIbiza, SCB-SBE37006, sea_water_salinity, psu, 2015-12-31 09:00:00, 37.643, 1.0
Buoy_CanalDeIbiza, SCB-SBE37006, sea_water_salinity, psu, 2015-12-31 10:00:00, 37.642, 1.0
Buoy_CanalDeIbiza, SCB-SBE37006, sea_water_salinity, psu, 2015-12-31 11:00:00, 37.635, 1.0
Buoy_CanalDeIbiza, SCB-SBE37006, sea_water_salinity, psu, 2015-12-31 12:00:00, 37.653, 1.0
Buoy_CanalDeIbiza, SCB-SBE37006, sea_water_salinity, psu, 2015-12-31 01:00:00, 37.657, 1.0
Buoy_CanalDeIbiza, SCB-SBE37006, sea_water_salinity, psu, 2015-12-31 02:00:00, 37.69, 1.0
Buoy_CanalDeIbiza, SCB-SBE37006, sea_water_salinity, psu, 2015-12-31 03:00:00, 37.662, 1.0
Buoy_CanalDeIbiza, SCB-SBE37006, sea_water_salinity, psu, 2015-12-31 04:00:00, 37.632, 1.0
Buoy_CanalDeIbiza, SCB-SBE37006, sea_water_salinity, psu, 2015-12-31 05:00:00, 37.623, 1.0
Buoy_CanalDeIbiza, SCB-SBE37006, sea_water_salinity, psu, 2015-12-31 06:00:00, 37.619, 1.0
Buoy_CanalDeIbiza, SCB-SBE37006, sea_water_salinity, psu, 2015-12-31 07:00:00, 37.618, 1.0
Buoy_CanalDeIbiza, SCB-SBE37006, sea_water_salinity, psu, 2015-12-31 08:00:00, 37.622, 1.0
Buoy_CanalDeIbiza, SCB-SBE37006, sea_water_salinity, psu, 2015-12-31 09:00:00, 37.623, 1.0
Buoy_CanalDeIbiza, SCB-SBE37006, sea_water_salinity, psu, 2015-12-31 10:00:00, 37.637, 1.0
Buoy_CanalDeIbiza, SCB-SBE37006, sea_water_salinity, psu, 2015-12-31 11:00:00, 37.652, 1.0
Buoy_CanalDeIbiza, SCB-SBE37006, sea_water_salinity, psu, 2016-01-01 12:00:00, 37.681, 1.0
Buoy_CanalDeIbiza, SCB-SBE37006, sea_water_salinity, psu, 2016-01-01 01:00:00, 37.693, 1.0
Buoy_CanalDeIbiza, SCB-SBE37006, sea_water_salinity, psu, 2016-01-01 02:00:00, 37.68, 1.0
Buoy_CanalDeIbiza, SCB-SBE37006, sea_water_salinity, psu, 2016-01-01 03:00:00, 37.698, 1.0
Buoy_CanalDeIbiza, SCB-SBE37006, sea_water_salinity, psu, 2016-01-01 04:00:00, 37.698, 1.0
Buoy_CanalDeIbiza, SCB-SBE37006, sea_water_salinity, psu, 2016-01-01 05:00:00, 37.714, 1.0
Buoy_CanalDeIbiza, SCB-SBE37006, sea_water_salinity, psu, 2016-01-01 06:00:00, 37.711, 1.0
Buoy_CanalDeIbiza, SCB-SBE37006, sea_water_salinity, psu, 2016-01-01 07:00:00, 37.699, 1.0
Buoy_CanalDeIbiza, SCB-SBE37006, sea_water_salinity, psu, 2016-01-01 08:00:00, 37.689, 1.0
Buoy_CanalDeIbiza, SCB-SBE37006, sea_water_salinity, psu, 2016-01-01 09:00:00, 37.696, 1.0
Buoy_CanalDeIbiza, SCB-SBE37006, sea_water_salinity, psu, 2016-01-01 10:00:00, 37.749, 1.0
Buoy_CanalDeIbiza, SCB-SBE37006, sea_water_salinity, psu, 2016-01-01 11:00:00, 37.754, 1.0
Buoy_CanalDeIbiza, SCB-SBE37006, sea_water_salinity, psu, 2016-01-01 12:00:00, 37.755, 1.0
Buoy_CanalDeIbiza, SCB-SBE37006, sea_water_salinity, psu, 2016-01-01 01:00:00, 37.757, 1.0
Buoy_CanalDeIbiza, SCB-SBE37006, sea_water_salinity, psu, 2016-01-01 02:00:00, 37.757, 1.0
Buoy_CanalDeIbiza, SCB-SBE37006, sea_water_salinity, psu, 2016-01-01 03:00:00, 37.757, 1.0
Buoy_CanalDeIbiza, SCB-SBE37006, sea_water_salinity, psu, 2016-01-01 04:00:00, 37.713, 1.0
Buoy_CanalDeIbiza, SCB-SBE37006, sea_water_salinity, psu, 2016-01-01 05:00:00, 37.624, 1.0
Buoy_CanalDeIbiza, SCB-SBE37006, sea_water_salinity, psu, 2016-01-01 06:00:00, 37.616, 1.0
Buoy_CanalDeIbiza, SCB-SBE37006, sea_water_salinity, psu, 2016-01-01 07:00:00, 37.62, 1.0
Buoy_CanalDeIbiza, SCB-SBE37006, sea_water_salinity, psu, 2016-01-01 08:00:00, 37.642, 1.0
Buoy_CanalDeIbiza, SCB-SBE37006, sea_water_salinity, psu, 2016-01-01 09:00:00, 37.669, 1.0
Buoy_CanalDeIbiza, SCB-SBE37006, sea_water_salinity, psu, 2016-01-01 10:00:00, 37.694, 1.0
Buoy_CanalDeIbiza, SCB-SBE37006, sea_water_salinity, psu, 2016-01-01 11:00:00, 37.694, 1.0
Buoy_CanalDeIbiza, SCB-SBE37006, sea_water_salinity, psu, 2016-01-02 12:00:00, 37.68, 1.0
Buoy_CanalDeIbiza, SCB-SBE37006, sea_water_salinity, psu, 2016-01-02 01:00:00, 37.676, 1.0
Buoy_CanalDeIbiza, SCB-SBE37006, sea_water_salinity, psu, 2016-01-02 02:00:00, 37.683, 1.0
Buoy_CanalDeIbiza, SCB-SBE37006, sea_water_salinity, psu, 2016-01-02 03:00:00, 37.688, 1.0
Buoy_CanalDeIbiza, SCB-SBE37006, sea_water_salinity, psu, 2016-01-02 04:00:00, 37.694, 1.0
Buoy_CanalDeIbiza, SCB-SBE37006, sea_water_salinity, psu, 2016-01-02 05:00:00, 37.704, 1.0
Buoy_CanalDeIbiza, SCB-SBE37006, sea_water_salinity, psu, 2016-01-02 06:00:00, 37.704, 1.0
Buoy_CanalDeIbiza, SCB-SBE37006, sea_water_salinity, psu, 2016-01-02 07:00:00, 37.704, 1.0
Buoy_CanalDeIbiza, SCB-SBE37006, sea_water_salinity, psu, 2016-01-02 08:00:00, 37.7, 1.0
Buoy_CanalDeIbiza, SCB-SBE37006, sea_water_salinity, psu, 2016-01-02 09:00:00, 37.7, 1.0
Buoy_CanalDeIbiza, SCB-SBE37006, sea_water_salinity, psu, 2016-01-02 10:00:00, 37.688, 1.0
Buoy_CanalDeIbiza, SCB-SBE37006, sea_water_salinity, psu, 2016-01-02 11:00:00, 37.688, 1.0
Buoy_CanalDeIbiza, SCB-SBE37006, sea_water_salinity, psu, 2016-01-02 12:00:00, 37.708, 1.0
Buoy_CanalDeIbiza, SCB-SBE37006, sea_water_salinity, psu, 2016-01-02 01:00:00, 37.72, 1.0
Buoy_CanalDeIbiza, SCB-SBE37006, sea_water_salinity, psu, 2016-01-02 02:00:00, 37.724, 1.0
Buoy_CanalDeIbiza, SCB-SBE37006, sea_water_salinity, psu, 2016-01-02 03:00:00, 37.728, 1.0
Buoy_CanalDeIbiza, SCB-SBE37006, sea_water_salinity, psu, 2016-01-02 04:00:00, 37.729, 1.0
Buoy_CanalDeIbiza, SCB-SBE37006, sea_water_salinity, psu, 2016-01-02 05:00:00, 37.73, 1.0
Buoy_CanalDeIbiza, SCB-SBE37006, sea_water_salinity, psu, 2016-01-02 06:00:00, 37.735, 1.0
Buoy_CanalDeIbiza, SCB-SBE37006, sea_water_salinity, psu, 2016-01-02 07:00:00, 37.739, 1.0
Buoy_CanalDeIbiza, SCB-SBE37006, sea_water_salinity, psu, 2016-01-02 08:00:00, 37.741, 1.0
Buoy_CanalDeIbiza, SCB-SBE37006, sea_water_salinity, psu, 2016-01-02 09:00:00, 37.744, 1.0
Buoy_CanalDeIbiza, SCB-SBE37006, sea_water_salinity, psu, 2016-01-02 10:00:00, NaN, 6.0
Buoy_CanalDeIbiza, SCB-SBE37006, sea_water_salinity, psu, 2016-01-02 11:00:00, 37.753, 1.0
Buoy_CanalDeIbiza, SCB-SBE37006, sea_water_salinity, psu, 2016-01-03 12:00:00, 37.76, 1.0
Buoy_CanalDeIbiza, SCB-SBE37006, sea_water_salinity, psu, 2016-01-03 01:00:00, 37.764, 1.0
Buoy_CanalDeIbiza, SCB-SBE37006, sea_water_salinity, psu, 2016-01-03 02:00:00, 37.759, 1.0
Buoy_CanalDeIbiza, SCB-SBE37006, sea_water_salinity, psu, 2016-01-03 03:00:00, 37.761, 1.0
Buoy_CanalDeIbiza, SCB-SBE37006, sea_water_salinity, psu, 2016-01-03 04:00:00, 37.764, 1.0
Buoy_CanalDeIbiza, SCB-SBE37006, sea_water_salinity, psu, 2016-01-03 05:00:00, 37.766, 1.0
Buoy_CanalDeIbiza, SCB-SBE37006, sea_water_salinity, psu, 2016-01-03 06:00:00, 37.601, 1.0
Buoy_CanalDeIbiza, SCB-SBE37006, sea_water_salinity, psu, 2016-01-03 07:00:00, 37.601, 1.0
Buoy_CanalDeIbiza, SCB-SBE37006, sea_water_salinity, psu, 2016-01-03 08:00:00, 37.593, 1.0
Buoy_CanalDeIbiza, SCB-SBE37006, sea_water_salinity, psu, 2016-01-03 09:00:00, 37.626, 1.0
Buoy_CanalDeIbiza, SCB-SBE37006, sea_water_salinity, psu, 2016-01-03 10:00:00, 37.667, 1.0
Buoy_CanalDeIbiza, SCB-SBE37006, sea_water_salinity, psu, 2016-01-03 11:00:00, 37.7, 1.0
Buoy_CanalDeIbiza, SCB-SBE37006, sea_water_salinity, psu, 2016-01-03 12:00:00, 37.729, 1.0
Buoy_CanalDeIbiza, SCB-SBE37006, sea_water_salinity, psu, 2016-01-03 01:00:00, 37.754, 1.0
Buoy_CanalDeIbiza, SCB-SBE37006, sea_water_salinity, psu, 2016-01-03 02:00:00, 37.757, 1.0
Buoy_CanalDeIbiza, SCB-SBE37006, sea_water_salinity, psu, 2016-01-03 03:00:00, 37.757, 1.0
Buoy_CanalDeIbiza, SCB-SBE37006, sea_water_salinity, psu, 2016-01-03 04:00:00, 37.757, 1.0
Buoy_CanalDeIbiza, SCB-SBE37006, sea_water_salinity, psu, 2016-01-03 05:00:00, 37.756, 1.0
Buoy_CanalDeIbiza, SCB-SBE37006, sea_water_salinity, psu, 2016-01-03 06:00:00, 37.756, 1.0
Buoy_CanalDeIbiza, SCB-SBE37006, sea_water_salinity, psu, 2016-01-03 07:00:00, 37.753, 1.0
Buoy_CanalDeIbiza, SCB-SBE37006, sea_water_salinity, psu, 2016-01-03 08:00:00, 37.751, 1.0
Buoy_CanalDeIbiza, SCB-SBE37006, sea_water_salinity, psu, 2016-01-03 09:00:00, 37.75, 1.0
Buoy_CanalDeIbiza, SCB-SBE37006, sea_water_salinity, psu, 2016-01-03 10:00:00, 37.749, 1.0
Buoy_CanalDeIbiza, SCB-SBE37006, sea_water_salinity, psu, 2016-01-03 11:00:00, 37.749, 1.0
Buoy_CanalDeIbiza, SCB-SBE37006, sea_water_salinity, psu, 2016-01-04 12:00:00, 37.751, 1.0
Buoy_CanalDeIbiza, SCB-SBE37006, sea_water_salinity, psu, 2016-01-04 01:00:00, 37.75, 1.0
Buoy_CanalDeIbiza, SCB-SBE37006, sea_water_salinity, psu, 2016-01-04 02:00:00, 37.742, 1.0
Buoy_CanalDeIbiza, SCB-SBE37006, sea_water_salinity, psu, 2016-01-04 03:00:00, 37.737, 1.0
Buoy_CanalDeIbiza, SCB-SBE37006, sea_water_salinity, psu, 2016-01-04 04:00:00, 37.741, 1.0
Buoy_CanalDeIbiza, SCB-SBE37006, sea_water_salinity, psu, 2016-01-04 05:00:00, 37.75, 1.0
Buoy_CanalDeIbiza, SCB-SBE37006, sea_water_salinity, psu, 2016-01-04 06:00:00, 37.754, 1.0
Buoy_CanalDeIbiza, SCB-SBE37006, sea_water_salinity, psu, 2016-01-04 07:00:00, 37.756, 1.0
Buoy_CanalDeIbiza, SCB-SBE37006, sea_water_salinity, psu, 2016-01-04 08:00:00, 37.761, 1.0
Buoy_CanalDeIbiza, SCB-SBE37006, sea_water_salinity, psu, 2016-01-04 09:00:00, 37.762, 1.0
Buoy_CanalDeIbiza, SCB-SBE37006, sea_water_salinity, psu, 2016-01-04 10:00:00, 37.762, 1.0
Buoy_CanalDeIbiza, SCB-SBE37006, sea_water_salinity, psu, 2016-01-04 11:00:00, 37.765, 1.0
Buoy_CanalDeIbiza, SCB-SBE37006, sea_water_salinity, psu, 2016-01-04 12:00:00, 37.77, 1.0
Buoy_CanalDeIbiza, SCB-SBE37006, sea_water_salinity, psu, 2016-01-04 01:00:00, 37.776, 1.0
Buoy_CanalDeIbiza, SCB-SBE37006, sea_water_salinity, psu, 2016-01-04 02:00:00, 37.78, 1.0
Buoy_CanalDeIbiza, SCB-SBE37006, sea_water_salinity, psu, 2016-01-04 03:00:00, 37.776, 1.0
Buoy_CanalDeIbiza, SCB-SBE37006, sea_water_salinity, psu, 2016-01-04 04:00:00, 37.773, 1.0
Buoy_CanalDeIbiza, SCB-SBE37006, sea_water_salinity, psu, 2016-01-04 05:00:00, 37.768, 1.0
Buoy_CanalDeIbiza, SCB-SBE37006, sea_water_salinity, psu, 2016-01-04 06:00:00, 37.766, 1.0
Buoy_CanalDeIbiza, SCB-SBE37006, sea_water_salinity, psu, 2016-01-04 07:00:00, 37.763, 1.0
Buoy_CanalDeIbiza, SCB-SBE37006, sea_water_salinity, psu, 2016-01-04 08:00:00, 37.764, 1.0
Buoy_CanalDeIbiza, SCB-SBE37006, sea_water_salinity, psu, 2016-01-04 09:00:00, 37.763, 1.0
Buoy_CanalDeIbiza, SCB-SBE37006, sea_water_salinity, psu, 2016-01-04 10:00:00, 37.763, 1.0
Buoy_CanalDeIbiza, SCB-SBE37006, sea_water_salinity, psu, 2016-01-04 11:00:00, 37.764, 1.0
Buoy_CanalDeIbiza, SCB-SBE37006, sea_water_salinity, psu, 2016-01-05 12:00:00, 37.764, 1.0
Buoy_CanalDeIbiza, SCB-SBE37006, sea_water_salinity, psu, 2016-01-05 01:00:00, 37.763, 1.0
Buoy_CanalDeIbiza, SCB-SBE37006, sea_water_salinity, psu, 2016-01-05 02:00:00, 37.765, 1.0
Buoy_CanalDeIbiza, SCB-SBE37006, sea_water_salinity, psu, 2016-01-05 03:00:00, 37.767, 1.0
Buoy_CanalDeIbiza, SCB-SBE37006, sea_water_salinity, psu, 2016-01-05 04:00:00, 37.767, 1.0
Buoy_CanalDeIbiza, SCB-SBE37006, sea_water_salinity, psu, 2016-01-05 05:00:00, 37.768, 1.0
Buoy_CanalDeIbiza, SCB-SBE37006, sea_water_salinity, psu, 2016-01-05 06:00:00, 37.768, 1.0
Buoy_CanalDeIbiza, SCB-SBE37006, sea_water_salinity, psu, 2016-01-05 07:00:00, 37.768, 1.0
Buoy_CanalDeIbiza, SCB-SBE37006, sea_water_salinity, psu, 2016-01-05 08:00:00, 37.771, 1.0
Buoy_CanalDeIbiza, SCB-SBE37006, sea_water_salinity, psu, 2016-01-05 09:00:00, 37.773, 1.0
Buoy_CanalDeIbiza, SCB-SBE37006, sea_water_salinity, psu, 2016-01-05 10:00:00, 37.774, 1.0
Buoy_CanalDeIbiza, SCB-SBE37006, sea_water_salinity, psu, 2016-01-05 11:00:00, 37.778, 1.0
Buoy_CanalDeIbiza, SCB-SBE37006, sea_water_salinity, psu, 2016-01-05 12:00:00, 37.78, 1.0
Buoy_CanalDeIbiza, SCB-SBE37006, sea_water_salinity, psu, 2016-01-05 01:00:00, 37.78, 1.0
Buoy_CanalDeIbiza, SCB-SBE37006, sea_water_salinity, psu, 2016-01-05 02:00:00, 37.783, 1.0
Buoy_CanalDeIbiza, SCB-SBE37006, sea_water_salinity, psu, 2016-01-05 03:00:00, 37.784, 1.0
Buoy_CanalDeIbiza, SCB-SBE37006, sea_water_salinity, psu, 2016-01-05 04:00:00, 37.783, 1.0
Buoy_CanalDeIbiza, SCB-SBE37006, sea_water_salinity, psu, 2016-01-05 05:00:00, 37.784, 1.0
Buoy_CanalDeIbiza, SCB-SBE37006, sea_water_salinity, psu, 2016-01-05 06:00:00, 37.782, 1.0
Buoy_CanalDeIbiza, SCB-SBE37006, sea_water_salinity, psu, 2016-01-05 07:00:00, 37.755, 1.0
Buoy_CanalDeIbiza, SCB-SBE37006, sea_water_salinity, psu, 2016-01-05 08:00:00, 37.785, 1.0
Buoy_CanalDeIbiza, SCB-SBE37006, sea_water_salinity, psu, 2016-01-05 09:00:00, 37.778, 1.0
Buoy_CanalDeIbiza, SCB-SBE37006, sea_water_salinity, psu, 2016-01-05 10:00:00, 37.787, 1.0
Buoy_CanalDeIbiza, SCB-SBE37006, sea_water_salinity, psu, 2016-01-05 11:00:00, 37.792, 1.0
Buoy_CanalDeIbiza, SCB-SBE37006, sea_water_salinity, psu, 2016-01-06 12:00:00, 37.796, 1.0
Buoy_CanalDeIbiza, SCB-SBE37006, sea_water_salinity, psu, 2016-01-06 01:00:00, 37.799, 1.0
Buoy_CanalDeIbiza, SCB-SBE37006, sea_water_salinity, psu, 2016-01-06 02:00:00, 37.795, 1.0
Buoy_CanalDeIbiza, SCB-SBE37006, sea_water_salinity, psu, 2016-01-06 03:00:00, 37.771, 1.0
Buoy_CanalDeIbiza, SCB-SBE37006, sea_water_salinity, psu, 2016-01-06 04:00:00, 37.668, 1.0
Buoy_CanalDeIbiza, SCB-SBE37006, sea_water_salinity, psu, 2016-01-06 05:00:00, 37.619, 1.0
Buoy_CanalDeIbiza, SCB-SBE37006, sea_water_salinity, psu, 2016-01-06 06:00:00, 37.611, 1.0
Buoy_CanalDeIbiza, SCB-SBE37006, sea_water_salinity, psu, 2016-01-06 07:00:00, 37.579, 1.0
Buoy_CanalDeIbiza, SCB-SBE37006, sea_water_salinity, psu, 2016-01-06 08:00:00, 37.572, 1.0
Buoy_CanalDeIbiza, SCB-SBE37006, sea_water_salinity, psu, 2016-01-06 09:00:00, 37.564, 1.0
Buoy_CanalDeIbiza, SCB-SBE37006, sea_water_salinity, psu, 2016-01-06 10:00:00, 37.571, 1.0
Buoy_CanalDeIbiza, SCB-SBE37006, sea_water_salinity, psu, 2016-01-06 11:00:00, 37.579, 1.0
Buoy_CanalDeIbiza, SCB-SBE37006, sea_water_salinity, psu, 2016-01-06 12:00:00, 37.58, 1.0
Buoy_CanalDeIbiza, SCB-SBE37006, sea_water_salinity, psu, 2016-01-06 01:00:00, 37.582, 1.0
Buoy_CanalDeIbiza, SCB-SBE37006, sea_water_salinity, psu, 2016-01-06 02:00:00, 37.548, 1.0
Buoy_CanalDeIbiza, SCB-SBE37006, sea_water_salinity, psu, 2016-01-06 03:00:00, 37.572, 1.0
Buoy_CanalDeIbiza, SCB-SBE37006, sea_water_salinity, psu, 2016-01-06 04:00:00, 37.569, 1.0
Buoy_CanalDeIbiza, SCB-SBE37006, sea_water_salinity, psu, 2016-01-06 05:00:00, 37.563, 1.0
Buoy_CanalDeIbiza, SCB-SBE37006, sea_water_salinity, psu, 2016-01-06 06:00:00, 37.56, 1.0
Buoy_CanalDeIbiza, SCB-SBE37006, sea_water_salinity, psu, 2016-01-06 07:00:00, 37.56, 1.0
Buoy_CanalDeIbiza, SCB-SBE37006, sea_water_salinity, psu, 2016-01-06 08:00:00, 37.56, 1.0
Buoy_CanalDeIbiza, SCB-SBE37006, sea_water_salinity, psu, 2016-01-06 09:00:00, 37.527, 1.0
Buoy_CanalDeIbiza, SCB-SBE37006, sea_water_salinity, psu, 2016-01-06 10:00:00, 37.559, 1.0
Buoy_CanalDeIbiza, SCB-SBE37006, sea_water_salinity, psu, 2016-01-06 11:00:00, 37.561, 1.0
Buoy_CanalDeIbiza, SCB-SBE37006, sea_water_salinity, psu, 2016-01-07 12:00:00, 37.575, 1.0
Buoy_CanalDeIbiza, SCB-SBE37006, sea_water_salinity, psu, 2016-01-07 01:00:00, 37.594, 1.0
Buoy_CanalDeIbiza, SCB-SBE37006, sea_water_salinity, psu, 2016-01-07 02:00:00, 37.617, 1.0
Buoy_CanalDeIbiza, SCB-SBE37006, sea_water_salinity, psu, 2016-01-07 03:00:00, 37.657, 1.0
Buoy_CanalDeIbiza, SCB-SBE37006, sea_water_salinity, psu, 2016-01-07 04:00:00, 37.677, 1.0
Buoy_CanalDeIbiza, SCB-SBE37006, sea_water_salinity, psu, 2016-01-07 05:00:00, 37.694, 1.0
Buoy_CanalDeIbiza, SCB-SBE37006, sea_water_salinity, psu, 2016-01-07 06:00:00, 37.702, 1.0
Buoy_CanalDeIbiza, SCB-SBE37006, sea_water_salinity, psu, 2016-01-07 07:00:00, 37.705, 1.0
Buoy_CanalDeIbiza, SCB-SBE37006, sea_water_salinity, psu, 2016-01-07 08:00:00, 37.705, 1.0
Buoy_CanalDeIbiza, SCB-SBE37006, sea_water_salinity, psu, 2016-01-07 09:00:00, 37.707, 1.0
Buoy_CanalDeIbiza, SCB-SBE37006, sea_water_salinity, psu, 2016-01-07 10:00:00, 37.71, 1.0
Buoy_CanalDeIbiza, SCB-SBE37006, sea_water_salinity, psu, 2016-01-07 11:00:00, 37.715, 1.0
Buoy_CanalDeIbiza, SCB-SBE37006, sea_water_salinity, psu, 2016-01-07 12:00:00, 37.723, 1.0
Buoy_CanalDeIbiza, SCB-SBE37006, sea_water_salinity, psu, 2016-01-07 01:00:00, 37.745, 1.0
Buoy_CanalDeIbiza, SCB-SBE37006, sea_water_salinity, psu, 2016-01-07 02:00:00, 37.765, 1.0
Buoy_CanalDeIbiza, SCB-SBE37006, sea_water_salinity, psu, 2016-01-07 03:00:00, 37.794, 1.0
Buoy_CanalDeIbiza, SCB-SBE37006, sea_water_salinity, psu, 2016-01-07 04:00:00, 37.817, 1.0
Buoy_CanalDeIbiza, SCB-SBE37006, sea_water_salinity, psu, 2016-01-07 05:00:00, 37.81, 1.0
Buoy_CanalDeIbiza, SCB-SBE37006, sea_water_salinity, psu, 2016-01-07 06:00:00, 37.679, 1.0
Buoy_CanalDeIbiza, SCB-SBE37006, sea_water_salinity, psu, 2016-01-07 07:00:00, 37.62, 1.0
Buoy_CanalDeIbiza, SCB-SBE37006, sea_water_salinity, psu, 2016-01-07 08:00:00, 37.599, 1.0
Buoy_CanalDeIbiza, SCB-SBE37006, sea_water_salinity, psu, 2016-01-07 09:00:00, 37.582, 1.0
Buoy_CanalDeIbiza, SCB-SBE37006, sea_water_salinity, psu, 2016-01-07 10:00:00, 37.572, 1.0
Buoy_CanalDeIbiza, SCB-SBE37006, sea_water_salinity, psu, 2016-01-07 11:00:00, 37.57, 1.0
Buoy_CanalDeIbiza, SCB-SBE37006, sea_water_salinity, psu, 2016-01-08 12:00:00, 37.569, 1.0
Buoy_CanalDeIbiza, SCB-SBE37006, sea_water_salinity, psu, 2016-01-08 01:00:00, 37.569, 1.0
Buoy_CanalDeIbiza, SCB-SBE37006, sea_water_salinity, psu, 2016-01-08 02:00:00, 37.569, 1.0
Buoy_CanalDeIbiza, SCB-SBE37006, sea_water_salinity, psu, 2016-01-08 03:00:00, 37.569, 1.0
Buoy_CanalDeIbiza, SCB-SBE37006, sea_water_salinity, psu, 2016-01-08 04:00:00, 37.565, 1.0
Buoy_CanalDeIbiza, SCB-SBE37006, sea_water_salinity, psu, 2016-01-08 05:00:00, 37.56, 1.0
Buoy_CanalDeIbiza, SCB-SBE37006, sea_water_salinity, psu, 2016-01-08 06:00:00, 37.557, 1.0
Buoy_CanalDeIbiza, SCB-SBE37006, sea_water_salinity, psu, 2016-01-08 07:00:00, 37.553, 1.0
Buoy_CanalDeIbiza, SCB-SBE37006, sea_water_salinity, psu, 2016-01-08 08:00:00, 37.552, 1.0
Buoy_CanalDeIbiza, SCB-SBE37006, sea_water_salinity, psu, 2016-01-08 09:00:00, 37.552, 1.0
Buoy_CanalDeIbiza, SCB-SBE37006, sea_water_salinity, psu, 2016-01-08 10:00:00, 37.554, 1.0
Buoy_CanalDeIbiza, SCB-SBE37006, sea_water_salinity, psu, 2016-01-08 11:00:00, 37.546, 1.0
Buoy_CanalDeIbiza, SCB-SBE37006, sea_water_salinity, psu, 2016-01-08 12:00:00, 37.544, 1.0
Buoy_CanalDeIbiza, SCB-SBE37006, sea_water_salinity, psu, 2016-01-08 01:00:00, 37.543, 1.0
Buoy_CanalDeIbiza, SCB-SBE37006, sea_water_salinity, psu, 2016-01-08 02:00:00, 37.543, 1.0
Buoy_CanalDeIbiza, SCB-SBE37006, sea_water_salinity, psu, 2016-01-08 03:00:00, 37.534, 1.0
Buoy_CanalDeIbiza, SCB-SBE37006, sea_water_salinity, psu, 2016-01-08 04:00:00, 37.534, 1.0
Buoy_CanalDeIbiza, SCB-SBE37006, sea_water_salinity, psu, 2016-01-08 05:00:00, 37.535, 1.0
Buoy_CanalDeIbiza, SCB-SBE37006, sea_water_salinity, psu, 2016-01-08 06:00:00, 37.537, 1.0
Buoy_CanalDeIbiza, SCB-SBE37006, sea_water_salinity, psu, 2016-01-08 07:00:00, 37.536, 1.0
Buoy_CanalDeIbiza, SCB-SBE37006, sea_water_salinity, psu, 2016-01-08 08:00:00, 37.538, 1.0
Buoy_CanalDeIbiza, SCB-SBE37006, sea_water_salinity, psu, 2016-01-08 09:00:00, 37.539, 1.0
Buoy_CanalDeIbiza, SCB-SBE37006, sea_water_salinity, psu, 2016-01-08 10:00:00, 37.541, 1.0
Buoy_CanalDeIbiza, SCB-SBE37006, sea_water_salinity, psu, 2016-01-08 11:00:00, 37.546, 1.0
Buoy_CanalDeIbiza, SCB-SBE37006, sea_water_salinity, psu, 2016-01-09 12:00:00, 37.551, 1.0
Buoy_CanalDeIbiza, SCB-SBE37006, sea_water_salinity, psu, 2016-01-09 01:00:00, 37.553, 1.0
Buoy_CanalDeIbiza, SCB-SBE37006, sea_water_salinity, psu, 2016-01-09 02:00:00, 37.553, 1.0
Buoy_CanalDeIbiza, SCB-SBE37006, sea_water_salinity, psu, 2016-01-09 03:00:00, 37.552, 1.0
Buoy_CanalDeIbiza, SCB-SBE37006, sea_water_salinity, psu, 2016-01-09 04:00:00, 37.556, 1.0
Buoy_CanalDeIbiza, SCB-SBE37006, sea_water_salinity, psu, 2016-01-09 05:00:00, 37.557, 1.0
Buoy_CanalDeIbiza, SCB-SBE37006, sea_water_salinity, psu, 2016-01-09 06:00:00, 37.561, 1.0
Buoy_CanalDeIbiza, SCB-SBE37006, sea_water_salinity, psu, 2016-01-09 07:00:00, 37.567, 1.0
Buoy_CanalDeIbiza, SCB-SBE37006, sea_water_salinity, psu, 2016-01-09 08:00:00, 37.57, 1.0
Buoy_CanalDeIbiza, SCB-SBE37006, sea_water_salinity, psu, 2016-01-09 09:00:00, 37.573, 1.0
Buoy_CanalDeIbiza, SCB-SBE37006, sea_water_salinity, psu, 2016-01-09 10:00:00, 37.578, 1.0
Buoy_CanalDeIbiza, SCB-SBE37006, sea_water_salinity, psu, 2016-01-09 11:00:00, 37.583, 1.0
Buoy_CanalDeIbiza, SCB-SBE37006, sea_water_salinity, psu, 2016-01-09 12:00:00, 37.536, 1.0
Buoy_CanalDeIbiza, SCB-SBE37006, sea_water_salinity, psu, 2016-01-09 01:00:00, 37.492, 1.0
Buoy_CanalDeIbiza, SCB-SBE37006, sea_water_salinity, psu, 2016-01-09 02:00:00, 37.461, 1.0
Buoy_CanalDeIbiza, SCB-SBE37006, sea_water_salinity, psu, 2016-01-09 03:00:00, 37.436, 1.0
Buoy_CanalDeIbiza, SCB-SBE37006, sea_water_salinity, psu, 2016-01-09 04:00:00, 37.429, 1.0
Buoy_CanalDeIbiza, SCB-SBE37006, sea_water_salinity, psu, 2016-01-09 05:00:00, 37.426, 1.0
Buoy_CanalDeIbiza, SCB-SBE37006, sea_water_salinity, psu, 2016-01-09 06:00:00, 37.424, 1.0
Buoy_CanalDeIbiza, SCB-SBE37006, sea_water_salinity, psu, 2016-01-09 07:00:00, 37.423, 1.0
Buoy_CanalDeIbiza, SCB-SBE37006, sea_water_salinity, psu, 2016-01-09 08:00:00, 37.422, 1.0
Buoy_CanalDeIbiza, SCB-SBE37006, sea_water_salinity, psu, 2016-01-09 09:00:00, 37.426, 1.0
Buoy_CanalDeIbiza, SCB-SBE37006, sea_water_salinity, psu, 2016-01-09 10:00:00, 37.439, 1.0
Buoy_CanalDeIbiza, SCB-SBE37006, sea_water_salinity, psu, 2016-01-09 11:00:00, 37.449, 1.0
Buoy_CanalDeIbiza, SCB-SBE37006, sea_water_salinity, psu, 2016-01-10 12:00:00, 37.446, 1.0
Buoy_CanalDeIbiza, SCB-SBE37006, sea_water_salinity, psu, 2016-01-10 01:00:00, 37.442, 1.0
Buoy_CanalDeIbiza, SCB-SBE37006, sea_water_salinity, psu, 2016-01-10 02:00:00, 37.437, 1.0
Buoy_CanalDeIbiza, SCB-SBE37006, sea_water_salinity, psu, 2016-01-10 03:00:00, 37.435, 1.0
Buoy_CanalDeIbiza, SCB-SBE37006, sea_water_salinity, psu, 2016-01-10 04:00:00, 37.435, 1.0
Buoy_CanalDeIbiza, SCB-SBE37006, sea_water_salinity, psu, 2016-01-10 05:00:00, 37.431, 1.0
Buoy_CanalDeIbiza, SCB-SBE37006, sea_water_salinity, psu, 2016-01-10 06:00:00, 37.424, 1.0
Buoy_CanalDeIbiza, SCB-SBE37006, sea_water_salinity, psu, 2016-01-10 07:00:00, 37.392, 1.0
Buoy_CanalDeIbiza, SCB-SBE37006, sea_water_salinity, psu, 2016-01-10 08:00:00, 37.414, 1.0
Buoy_CanalDeIbiza, SCB-SBE37006, sea_water_salinity, psu, 2016-01-10 09:00:00, 37.424, 1.0
Buoy_CanalDeIbiza, SCB-SBE37006, sea_water_salinity, psu, 2016-01-10 10:00:00, 37.454, 1.0
Buoy_CanalDeIbiza, SCB-SBE37006, sea_water_salinity, psu, 2016-01-10 11:00:00, 37.456, 1.0
Buoy_CanalDeIbiza, SCB-SBE37006, sea_water_salinity, psu, 2016-01-10 12:00:00, 37.445, 1.0
Buoy_CanalDeIbiza, SCB-SBE37006, sea_water_salinity, psu, 2016-01-10 01:00:00, 37.443, 1.0
Buoy_CanalDeIbiza, SCB-SBE37006, sea_water_salinity, psu, 2016-01-10 02:00:00, 37.434, 1.0
Buoy_CanalDeIbiza, SCB-SBE37006, sea_water_salinity, psu, 2016-01-10 03:00:00, 37.439, 1.0
Buoy_CanalDeIbiza, SCB-SBE37006, sea_water_salinity, psu, 2016-01-10 04:00:00, 37.441, 1.0
Buoy_CanalDeIbiza, SCB-SBE37006, sea_water_salinity, psu, 2016-01-10 05:00:00, 37.441, 1.0
Buoy_CanalDeIbiza, SCB-SBE37006, sea_water_salinity, psu, 2016-01-10 06:00:00, 37.441, 1.0
Buoy_CanalDeIbiza, SCB-SBE37006, sea_water_salinity, psu, 2016-01-10 07:00:00, 37.443, 1.0
Buoy_CanalDeIbiza, SCB-SBE37006, sea_water_salinity, psu, 2016-01-10 08:00:00, 37.445, 1.0
Buoy_CanalDeIbiza, SCB-SBE37006, sea_water_salinity, psu, 2016-01-10 09:00:00, 37.446, 1.0
Buoy_CanalDeIbiza, SCB-SBE37006, sea_water_salinity, psu, 2016-01-10 10:00:00, 37.446, 1.0
Buoy_CanalDeIbiza, SCB-SBE37006, sea_water_salinity, psu, 2016-01-10 11:00:00, 37.447, 1.0
Buoy_CanalDeIbiza, SCB-SBE37006, sea_water_salinity, psu, 2016-01-11 12:00:00, 37.448, 1.0
Buoy_CanalDeIbiza, SCB-SBE37006, sea_water_salinity, psu, 2016-01-11 01:00:00, 37.448, 1.0
Buoy_CanalDeIbiza, SCB-SBE37006, sea_water_salinity, psu, 2016-01-11 02:00:00, 37.449, 1.0
Buoy_CanalDeIbiza, SCB-SBE37006, sea_water_salinity, psu, 2016-01-11 03:00:00, 37.45, 1.0
Buoy_CanalDeIbiza, SCB-SBE37006, sea_water_salinity, psu, 2016-01-11 04:00:00, 37.451, 1.0
Buoy_CanalDeIbiza, SCB-SBE37006, sea_water_salinity, psu, 2016-01-11 05:00:00, 37.451, 1.0
Buoy_CanalDeIbiza, SCB-SBE37006, sea_water_salinity, psu, 2016-01-11 06:00:00, 37.451, 1.0
Buoy_CanalDeIbiza, SCB-SBE37006, sea_water_salinity, psu, 2016-01-11 07:00:00, 37.451, 1.0
Buoy_CanalDeIbiza, SCB-SBE37006, sea_water_salinity, psu, 2016-01-11 08:00:00, 37.452, 1.0
Buoy_CanalDeIbiza, SCB-SBE37006, sea_water_salinity, psu, 2016-01-11 09:00:00, 37.453, 1.0
Buoy_CanalDeIbiza, SCB-SBE37006, sea_water_salinity, psu, 2016-01-11 10:00:00, 37.454, 1.0
Buoy_CanalDeIbiza, SCB-SBE37006, sea_water_salinity, psu, 2016-01-11 11:00:00, 37.455, 1.0
Buoy_CanalDeIbiza, SCB-SBE37006, sea_water_salinity, psu, 2016-01-11 12:00:00, 37.456, 1.0
Buoy_CanalDeIbiza, SCB-SBE37006, sea_water_salinity, psu, 2016-01-11 01:00:00, 37.457, 1.0
Buoy_CanalDeIbiza, SCB-SBE37006, sea_water_salinity, psu, 2016-01-11 02:00:00, 37.459, 1.0
Buoy_CanalDeIbiza, SCB-SBE37006, sea_water_salinity, psu, 2016-01-11 03:00:00, 37.461, 1.0
Buoy_CanalDeIbiza, SCB-SBE37006, sea_water_salinity, psu, 2016-01-11 04:00:00, 37.461, 1.0
Buoy_CanalDeIbiza, SCB-SBE37006, sea_water_salinity, psu, 2016-01-11 05:00:00, 37.461, 1.0
Buoy_CanalDeIbiza, SCB-SBE37006, sea_water_salinity, psu, 2016-01-11 06:00:00, 37.462, 1.0
Buoy_CanalDeIbiza, SCB-SBE37006, sea_water_salinity, psu, 2016-01-11 07:00:00, 37.463, 1.0
Buoy_CanalDeIbiza, SCB-SBE37006, sea_water_salinity, psu, 2016-01-11 08:00:00, 37.467, 1.0
Buoy_CanalDeIbiza, SCB-SBE37006, sea_water_salinity, psu, 2016-01-11 09:00:00, 37.468, 1.0
Buoy_CanalDeIbiza, SCB-SBE37006, sea_water_salinity, psu, 2016-01-11 10:00:00, 37.471, 1.0
Buoy_CanalDeIbiza, SCB-SBE37006, sea_water_salinity, psu, 2016-01-11 11:00:00, 37.466, 1.0
Buoy_CanalDeIbiza, SCB-SBE37006, sea_water_salinity, psu, 2016-01-12 12:00:00, 37.474, 1.0
Buoy_CanalDeIbiza, SCB-SBE37006, sea_water_salinity, psu, 2016-01-12 01:00:00, 37.471, 1.0
Buoy_CanalDeIbiza, SCB-SBE37006, sea_water_salinity, psu, 2016-01-12 02:00:00, 37.475, 1.0
Buoy_CanalDeIbiza, SCB-SBE37006, sea_water_salinity, psu, 2016-01-12 03:00:00, 37.476, 1.0
Buoy_CanalDeIbiza, SCB-SBE37006, sea_water_salinity, psu, 2016-01-12 04:00:00, 37.476, 1.0
Buoy_CanalDeIbiza, SCB-SBE37006, sea_water_salinity, psu, 2016-01-12 05:00:00, 37.354, 1.0
Buoy_CanalDeIbiza, SCB-SBE37006, sea_water_salinity, psu, 2016-01-12 06:00:00, 37.476, 1.0
Buoy_CanalDeIbiza, SCB-SBE37006, sea_water_salinity, psu, 2016-01-12 07:00:00, 37.475, 1.0
Buoy_CanalDeIbiza, SCB-SBE37006, sea_water_salinity, psu, 2016-01-12 08:00:00, 37.483, 1.0
Buoy_CanalDeIbiza, SCB-SBE37006, sea_water_salinity, psu, 2016-01-12 09:00:00, 37.483, 1.0
Buoy_CanalDeIbiza, SCB-SBE37006, sea_water_salinity, psu, 2016-01-12 10:00:00, 37.463, 1.0
Buoy_CanalDeIbiza, SCB-SBE37006, sea_water_salinity, psu, 2016-01-12 11:00:00, 37.464, 1.0
Buoy_CanalDeIbiza, SCB-SBE37006, sea_water_salinity, psu, 2016-01-12 12:00:00, 37.466, 1.0
Buoy_CanalDeIbiza, SCB-SBE37006, sea_water_salinity, psu, 2016-01-12 01:00:00, 37.465, 1.0
